case_id,is_timestomped_lf,timestomp_tool_executed_lf,is_timestomped_usn,timestomp_tool_executed_usn,is_timestomped,timestomp_tool_executed,eventtime_dt,label_source_both,label_source_logfile,label_source_usnjrnl,label_source_nan,prediction,confidence,risk_level
6,0.0,0.0,1.0,0.0,1.0,0.0,2023-12-31 00:36:32,False,False,True,False,1.0,0.7079959126261047,HIGH
6,0.0,0.0,1.0,0.0,1.0,0.0,2023-12-31 00:36:32,False,False,True,False,1.0,0.7067360855005559,HIGH
6,0.0,0.0,1.0,0.0,1.0,0.0,2023-12-31 00:36:32,False,False,True,False,1.0,0.6958571035841155,MEDIUM
6,0.0,0.0,1.0,0.0,1.0,0.0,2023-12-31 00:36:32,False,False,True,False,1.0,0.694358084027403,MEDIUM
6,0.0,0.0,1.0,0.0,1.0,0.0,2023-12-31 00:36:32,False,False,True,False,1.0,0.694358084027403,MEDIUM
6,0.0,0.0,1.0,0.0,1.0,0.0,2023-12-31 00:36:33,False,False,True,False,1.0,0.6852874331626962,MEDIUM
6,0.0,0.0,1.0,0.0,1.0,0.0,2023-12-31 00:36:33,False,False,True,False,1.0,0.6834791021109625,MEDIUM
6,0.0,0.0,1.0,0.0,1.0,0.0,2023-12-31 00:36:32,False,False,True,False,1.0,0.6834791021109625,MEDIUM
6,0.0,0.0,1.0,0.0,1.0,0.0,2023-12-31 00:36:32,False,False,True,False,1.0,0.6794203844204801,MEDIUM
6,0.0,0.0,1.0,0.0,1.0,0.0,2023-12-31 00:36:33,False,False,True,False,1.0,0.6782952103928761,MEDIUM
6,0.0,0.0,1.0,0.0,1.0,0.0,2023-12-31 00:36:33,False,False,True,False,1.0,0.6779937580852663,MEDIUM
6,0.0,0.0,1.0,0.0,1.0,0.0,2023-12-31 00:36:33,False,False,True,False,1.0,0.6744084512462558,MEDIUM
6,0.0,0.0,1.0,0.0,1.0,0.0,2023-12-31 00:36:32,False,False,True,False,1.0,0.6744084512462558,MEDIUM
6,0.0,0.0,1.0,0.0,1.0,0.0,2023-12-31 00:36:32,False,False,True,False,1.0,0.6510666467308692,MEDIUM
6,0.0,0.0,1.0,0.0,1.0,0.0,2023-12-31 00:36:32,False,False,True,False,1.0,0.6496766347829953,MEDIUM
6,0.0,0.0,1.0,0.0,1.0,0.0,2023-12-31 00:36:32,False,False,True,False,1.0,0.6425207561947484,MEDIUM
6,0.0,0.0,1.0,0.0,1.0,0.0,2023-12-31 00:36:32,False,False,True,False,1.0,0.6422193038871388,MEDIUM
6,0.0,0.0,1.0,0.0,1.0,0.0,2023-12-31 00:36:32,False,False,True,False,1.0,0.6422193038871388,MEDIUM
6,0.0,0.0,1.0,0.0,1.0,0.0,2023-12-31 00:36:32,False,False,True,False,1.0,0.6422193038871388,MEDIUM
6,0.0,0.0,1.0,0.0,1.0,0.0,2023-12-31 00:36:32,False,False,True,False,1.0,0.6399726588663104,MEDIUM
6,0.0,0.0,1.0,0.0,1.0,0.0,2023-12-31 00:36:32,False,False,True,False,1.0,0.6316417742783079,MEDIUM
6,0.0,0.0,1.0,0.0,1.0,0.0,2023-12-31 00:36:32,False,False,True,False,1.0,0.62829367694987,MEDIUM
6,0.0,0.0,1.0,0.0,1.0,0.0,2023-12-31 00:36:32,False,False,True,False,1.0,0.6231943715648821,MEDIUM
6,0.0,0.0,1.0,0.0,1.0,0.0,2023-12-31 00:36:32,False,False,True,False,1.0,0.6161548679078807,MEDIUM
6,0.0,0.0,1.0,0.0,1.0,0.0,2023-12-31 00:36:33,False,False,True,False,1.0,0.6154503614591635,MEDIUM
6,0.0,0.0,1.0,0.0,1.0,0.0,2023-12-31 00:36:32,False,False,True,False,1.0,0.6148495217071488,MEDIUM
6,0.0,0.0,1.0,0.0,1.0,0.0,2023-12-31 00:36:32,False,False,True,False,1.0,0.6145989059388686,MEDIUM
6,0.0,0.0,1.0,0.0,1.0,0.0,2023-12-31 00:36:32,False,False,True,False,1.0,0.6142974536312589,MEDIUM
6,0.0,0.0,1.0,0.0,1.0,0.0,2023-12-31 00:36:32,False,False,True,False,1.0,0.6054014390947627,MEDIUM
6,0.0,0.0,1.0,0.0,1.0,0.0,2023-12-31 00:36:32,False,False,True,False,1.0,0.6040728318503328,MEDIUM
6,0.0,0.0,1.0,0.0,1.0,0.0,2023-12-31 00:36:33,False,False,True,False,1.0,0.6040728318503328,MEDIUM
6,0.0,0.0,1.0,0.0,1.0,0.0,2023-12-31 00:36:32,False,False,True,False,1.0,0.6040728318503328,MEDIUM
6,0.0,0.0,1.0,0.0,1.0,0.0,2023-12-31 00:36:32,False,False,True,False,1.0,0.6037199240224281,MEDIUM
6,0.0,0.0,1.0,0.0,1.0,0.0,2023-12-31 00:36:32,False,False,True,False,1.0,0.6031705397907084,MEDIUM
6,0.0,0.0,1.0,0.0,1.0,0.0,2023-12-31 00:36:32,False,False,True,False,1.0,0.5988277644979888,MEDIUM
6,0.0,0.0,1.0,0.0,1.0,0.0,2023-12-31 00:36:32,False,False,True,False,1.0,0.5982988992831948,MEDIUM
6,0.0,0.0,1.0,0.0,1.0,0.0,2023-12-31 00:36:32,False,False,True,False,1.0,0.597997446975585,MEDIUM
6,0.0,0.0,1.0,0.0,1.0,0.0,2023-12-31 00:36:32,False,False,True,False,1.0,0.589595801315622,MEDIUM
6,0.0,0.0,1.0,0.0,1.0,0.0,2023-12-31 00:36:32,False,False,True,False,1.0,0.5796759072610357,MEDIUM
6,0.0,0.0,1.0,0.0,1.0,0.0,2023-12-31 00:36:32,False,False,True,False,1.0,0.5779168193991815,MEDIUM
6,0.0,0.0,1.0,0.0,1.0,0.0,2023-12-31 00:36:32,False,False,True,False,1.0,0.5707899435314164,MEDIUM
6,0.0,0.0,1.0,0.0,1.0,0.0,2023-12-31 00:36:32,False,False,True,False,1.0,0.5700755967197052,MEDIUM
6,0.0,0.0,1.0,0.0,1.0,0.0,2023-12-31 00:36:32,False,False,True,False,1.0,0.5430615787679397,MEDIUM
6,0.0,0.0,1.0,0.0,1.0,0.0,2023-12-31 00:36:32,False,False,True,False,1.0,0.5430615787679397,MEDIUM
6,0.0,0.0,1.0,0.0,1.0,0.0,2023-12-31 00:36:32,False,False,True,False,1.0,0.5421592867083154,MEDIUM
6,0.0,0.0,1.0,0.0,1.0,0.0,2023-12-31 00:36:32,False,False,True,False,1.0,0.5403765273963251,MEDIUM
6,0.0,0.0,1.0,0.0,1.0,0.0,2023-12-31 00:36:32,False,False,True,False,1.0,0.5186646541786427,MEDIUM
6,0.0,0.0,1.0,0.0,1.0,0.0,2023-12-31 00:36:32,False,False,True,False,1.0,0.5186646541786427,MEDIUM
6,0.0,0.0,1.0,0.0,1.0,0.0,2023-12-31 00:36:33,False,False,True,False,1.0,0.507287124569812,MEDIUM
