eventtime,filename,filepath,ml_confidence,lf_lsn,lf_cluster_index,usn_usn,hybrid_confidence,confidence_boost,risk_level,rule_applied,source,has_logfile_evidence,has_usnjrnl_evidence,lf_event,usn_event_info,cross_artifact_validation_score,timestamp_manipulation_pattern_score,zero_in_nanoseconds,is_tunneling
12/26/23 0:04,11a8ccd2-750d-4e27-adcc-6ad1a2db8ad7.tmp,\Users\blueangel\AppData\Roaming\Evernote\Partitions\name\11a8ccd2-750d-4e27-adcc-6ad1a2db8ad7.tmp,0.1098,10050214023.0,6.0,1715636320.0,0.9,0.7902,HIGH,Rule 1: Cross-artifact validation (LogFile + UsnJrnl),both,True,True,Time Reversal Event,Basic_Info_Changed,3,2,False,False
12/26/23 0:13,42e4acf61096f6488fde7e5429a285fa,\Windows\System32\config\systemprofile\AppData\Local\42e4acf61096f6488fde7e5429a285fa,0.0898,10052948390.0,2.0,1716781648.0,0.9,0.8102,HIGH,Rule 1: Cross-artifact validation (LogFile + UsnJrnl),both,True,True,Time Reversal Event & Changing FileAttribute,Basic_Info_Changed / Compression_Changed / Data_Overwritten / Content_Indexed_Attr_Changed,3,2,False,False
12/26/23 0:13,1399aa16cb4948429776094bafa4dbd7,\Windows\System32\config\systemprofile\AppData\Local\1399aa16cb4948429776094bafa4dbd7,0.1097,10052944915.0,2.0,1716778880.0,0.9,0.7903,HIGH,Rule 1: Cross-artifact validation (LogFile + UsnJrnl),both,True,True,Time Reversal Event & Changing FileAttribute,Basic_Info_Changed / Compression_Changed / Data_Overwritten / Content_Indexed_Attr_Changed,3,2,False,False
12/26/23 0:13,1695c730cbe2b74b892a83099bdc27e2,\Windows\System32\config\systemprofile\AppData\Local\1695c730cbe2b74b892a83099bdc27e2,0.1097,10052943186.0,2.0,1716777552.0,0.9,0.7903,HIGH,Rule 1: Cross-artifact validation (LogFile + UsnJrnl),both,True,True,Time Reversal Event & Changing FileAttribute,Basic_Info_Changed / Compression_Changed / Data_Overwritten / Content_Indexed_Attr_Changed,3,2,False,False
12/26/23 0:13,737682fc80cf204384fdb548d4812343,\Windows\System32\config\systemprofile\AppData\Local\737682fc80cf204384fdb548d4812343,0.1097,10052941396.0,2.0,1716776112.0,0.9,0.7903,HIGH,Rule 1: Cross-artifact validation (LogFile + UsnJrnl),both,True,True,Time Reversal Event & Changing FileAttribute,Basic_Info_Changed / Compression_Changed / Data_Overwritten / Content_Indexed_Attr_Changed,3,2,False,False
12/26/23 0:13,68522fead19e084b96e1b502a4bf3f83,\Windows\System32\config\systemprofile\AppData\Local\68522fead19e084b96e1b502a4bf3f83,0.1097,10052939673.0,2.0,1716774784.0,0.9,0.7903,HIGH,Rule 1: Cross-artifact validation (LogFile + UsnJrnl),both,True,True,Time Reversal Event & Changing FileAttribute,Basic_Info_Changed / Compression_Changed / Data_Overwritten / Content_Indexed_Attr_Changed,3,2,False,False
12/26/23 0:13,1072e83ee2f26d46935bbdcaf2636b0f,\Windows\System32\config\systemprofile\AppData\Local\1072e83ee2f26d46935bbdcaf2636b0f,0.1097,10052937962.0,2.0,1716773456.0,0.9,0.7903,HIGH,Rule 1: Cross-artifact validation (LogFile + UsnJrnl),both,True,True,Time Reversal Event & Changing FileAttribute,Basic_Info_Changed / Compression_Changed / Data_Overwritten / Content_Indexed_Attr_Changed,3,2,False,False
12/26/23 0:13,e8a6dd0753291a4ea25611fe45ad2b98,\Windows\System32\config\systemprofile\AppData\Local\e8a6dd0753291a4ea25611fe45ad2b98,0.1097,10052936178.0,2.0,1716772016.0,0.9,0.7903,HIGH,Rule 1: Cross-artifact validation (LogFile + UsnJrnl),both,True,True,Time Reversal Event & Changing FileAttribute,Basic_Info_Changed / Compression_Changed / Data_Overwritten / Content_Indexed_Attr_Changed,3,2,False,False
12/26/23 0:13,c12ee319a9e30d438de32f59e4a24486,\Windows\System32\config\systemprofile\AppData\Local\c12ee319a9e30d438de32f59e4a24486,0.1097,10052934128.0,2.0,1716770688.0,0.9,0.7903,HIGH,Rule 1: Cross-artifact validation (LogFile + UsnJrnl),both,True,True,Time Reversal Event & Changing FileAttribute,Basic_Info_Changed / Compression_Changed / Data_Overwritten / Content_Indexed_Attr_Changed,3,2,False,False
12/26/23 0:13,496bd7b382233342a1d1b6fbb19f3631,\Windows\System32\config\systemprofile\AppData\Local\496bd7b382233342a1d1b6fbb19f3631,0.1097,10052932163.0,2.0,1716769360.0,0.9,0.7903,HIGH,Rule 1: Cross-artifact validation (LogFile + UsnJrnl),both,True,True,Time Reversal Event & Changing FileAttribute,Basic_Info_Changed / Compression_Changed / Data_Overwritten / Content_Indexed_Attr_Changed,3,2,False,False
12/26/23 0:13,0efba2cf4ef48947bc28e3a42e1df65f,\Windows\System32\config\systemprofile\AppData\Local\0efba2cf4ef48947bc28e3a42e1df65f,0.1097,10052927780.0,2.0,1716767912.0,0.9,0.7903,HIGH,Rule 1: Cross-artifact validation (LogFile + UsnJrnl),both,True,True,Time Reversal Event & Changing FileAttribute,Basic_Info_Changed / Compression_Changed / Data_Overwritten / Content_Indexed_Attr_Changed,3,2,False,False
12/26/23 0:13,03e8c99649223d43bb16914f8d35495d,\Windows\System32\config\systemprofile\AppData\Local\03e8c99649223d43bb16914f8d35495d,0.0798,10052923443.0,0.0,1716765136.0,0.9,0.8202,HIGH,Rule 1: Cross-artifact validation (LogFile + UsnJrnl),both,True,True,Time Reversal Event & Changing FileAttribute,Basic_Info_Changed / Compression_Changed / Data_Overwritten / Content_Indexed_Attr_Changed,3,2,False,False
12/26/23 0:13,031ba908df57224ea201d5d8ecb3fd78,\Windows\System32\config\systemprofile\AppData\Local\031ba908df57224ea201d5d8ecb3fd78,0.0898,10052919223.0,6.0,1716762328.0,0.9,0.8102,HIGH,Rule 1: Cross-artifact validation (LogFile + UsnJrnl),both,True,True,Time Reversal Event & Changing FileAttribute,Basic_Info_Changed / Compression_Changed / Data_Overwritten / Content_Indexed_Attr_Changed,3,2,False,False
12/26/23 0:13,4a19344901da014b8ff80e56d3597235,\Windows\System32\config\systemprofile\AppData\Local\4a19344901da014b8ff80e56d3597235,0.0898,10052915042.0,4.0,1716759512.0,0.9,0.8102,HIGH,Rule 1: Cross-artifact validation (LogFile + UsnJrnl),both,True,True,Time Reversal Event & Changing FileAttribute,Basic_Info_Changed / Compression_Changed / Data_Overwritten / Content_Indexed_Attr_Changed,3,2,False,False
12/26/23 0:13,e892568d3ed0c54a8a932bab9a5a22da,\Windows\System32\config\systemprofile\AppData\Local\e892568d3ed0c54a8a932bab9a5a22da,0.0898,10052910898.0,6.0,1716756736.0,0.9,0.8102,HIGH,Rule 1: Cross-artifact validation (LogFile + UsnJrnl),both,True,True,Time Reversal Event & Changing FileAttribute,Basic_Info_Changed / Compression_Changed / Data_Overwritten / Content_Indexed_Attr_Changed,3,2,False,False
12/26/23 0:13,07de0932f4ccba4a94ec21dcd950a0d5,\Windows\System32\config\systemprofile\AppData\Local\07de0932f4ccba4a94ec21dcd950a0d5,0.0898,10052906713.0,4.0,1716753896.0,0.9,0.8102,HIGH,Rule 1: Cross-artifact validation (LogFile + UsnJrnl),both,True,True,Time Reversal Event & Changing FileAttribute,Basic_Info_Changed / Compression_Changed / Data_Overwritten / Content_Indexed_Attr_Changed,3,2,False,False
12/26/23 0:13,94a329db36191c41b688635ffe5b56cf,\Windows\System32\config\systemprofile\AppData\Local\94a329db36191c41b688635ffe5b56cf,0.0898,10052902514.0,2.0,1716751064.0,0.9,0.8102,HIGH,Rule 1: Cross-artifact validation (LogFile + UsnJrnl),both,True,True,Time Reversal Event & Changing FileAttribute,Basic_Info_Changed / Compression_Changed / Data_Overwritten / Content_Indexed_Attr_Changed,3,2,False,False
12/26/23 0:13,4a782911a1387743b96b305575edb08c,\Windows\System32\config\systemprofile\AppData\Local\4a782911a1387743b96b305575edb08c,0.0898,10052898323.0,6.0,1716748288.0,0.9,0.8102,HIGH,Rule 1: Cross-artifact validation (LogFile + UsnJrnl),both,True,True,Time Reversal Event & Changing FileAttribute,Basic_Info_Changed / Compression_Changed / Data_Overwritten / Content_Indexed_Attr_Changed,3,2,False,False
12/26/23 0:13,aa1b70c49362d142acbda8338f3d82d7,\Windows\System32\config\systemprofile\AppData\Local\aa1b70c49362d142acbda8338f3d82d7,0.0898,10052894176.0,4.0,1716745432.0,0.9,0.8102,HIGH,Rule 1: Cross-artifact validation (LogFile + UsnJrnl),both,True,True,Time Reversal Event & Changing FileAttribute,Basic_Info_Changed / Compression_Changed / Data_Overwritten / Content_Indexed_Attr_Changed,3,2,False,False
12/26/23 0:13,787294f9eecb09498de6bf49599fc84d,\Windows\System32\config\systemprofile\AppData\Local\787294f9eecb09498de6bf49599fc84d,0.0798,10052889981.0,0.0,1716742616.0,0.9,0.8202,HIGH,Rule 1: Cross-artifact validation (LogFile + UsnJrnl),both,True,True,Time Reversal Event & Changing FileAttribute,Basic_Info_Changed / Compression_Changed / Data_Overwritten / Content_Indexed_Attr_Changed,3,2,False,False
12/26/23 0:13,594f9acc5dd1f047838e763a0fbac4f5,\Windows\System32\config\systemprofile\AppData\Local\594f9acc5dd1f047838e763a0fbac4f5,0.0898,10052885799.0,6.0,1716739808.0,0.9,0.8102,HIGH,Rule 1: Cross-artifact validation (LogFile + UsnJrnl),both,True,True,Time Reversal Event & Changing FileAttribute,Basic_Info_Changed / Compression_Changed / Data_Overwritten / Content_Indexed_Attr_Changed,3,2,False,False
12/26/23 0:13,2078c120537a4b4cb5a4dcedc6e6e9df,\Windows\System32\config\systemprofile\AppData\Local\2078c120537a4b4cb5a4dcedc6e6e9df,0.1097,10052946630.0,2.0,1716780208.0,0.9,0.7903,HIGH,Rule 1: Cross-artifact validation (LogFile + UsnJrnl),both,True,True,Time Reversal Event & Changing FileAttribute,Basic_Info_Changed / Compression_Changed / Data_Overwritten / Content_Indexed_Attr_Changed,3,2,False,False
12/26/23 0:13,1a1fc729f4bea5428ccf35b465f8fb0f,\Windows\System32\config\systemprofile\AppData\Local\1a1fc729f4bea5428ccf35b465f8fb0f,0.0898,10052950440.0,2.0,1716782976.0,0.9,0.8102,HIGH,Rule 1: Cross-artifact validation (LogFile + UsnJrnl),both,True,True,Time Reversal Event & Changing FileAttribute,Basic_Info_Changed / Compression_Changed / Data_Overwritten / Content_Indexed_Attr_Changed,3,2,False,False
12/26/23 0:04,d863aa00-e831-4ca7-a2d8-11351677c750.tmp,\Users\blueangel\AppData\Roaming\Evernote\d863aa00-e831-4ca7-a2d8-11351677c750.tmp,0.1098,10050218884.0,2.0,1715638952.0,0.9,0.7902,HIGH,Rule 1: Cross-artifact validation (LogFile + UsnJrnl),both,True,True,Time Reversal Event,Basic_Info_Changed,3,2,False,False
12/26/23 0:13,865101e3c158474093e796a9e729b9e3,\Windows\System32\config\systemprofile\AppData\Local\865101e3c158474093e796a9e729b9e3,0.0898,10052952511.0,2.0,1716784304.0,0.9,0.8102,HIGH,Rule 1: Cross-artifact validation (LogFile + UsnJrnl),both,True,True,Time Reversal Event & Changing FileAttribute,Basic_Info_Changed / Compression_Changed / Data_Overwritten / Content_Indexed_Attr_Changed,3,2,False,False
12/26/23 15:19,prbC52E.tmp,\Users\blueangel\AppData\Local\Temp\prbC52E.tmp,0.1597,10055011985.0,4.0,1717262296.0,0.9,0.7403,HIGH,Rule 1: Cross-artifact validation (LogFile + UsnJrnl),both,True,True,Time Reversal Event,Basic_Info_Changed / Data_Added / Data_Overwritten / Data_Truncated,3,2,False,False
12/26/23 15:19,prbC52E.tmp,\Users\blueangel\AppData\Local\Temp\prbC52E.tmp,0.1697,10055011319.0,4.0,1717262296.0,0.9,0.7303,HIGH,Rule 1: Cross-artifact validation (LogFile + UsnJrnl),both,True,True,Time Reversal Event,Basic_Info_Changed / Data_Added / Data_Overwritten / Data_Truncated,3,2,False,False
12/26/23 15:19,prbC4FD.tmp,\Users\blueangel\AppData\Local\Temp\prbC4FD.tmp,0.1597,10055009687.0,4.0,1717260888.0,0.9,0.7403,HIGH,Rule 1: Cross-artifact validation (LogFile + UsnJrnl),both,True,True,Time Reversal Event,Basic_Info_Changed / Data_Added / Data_Overwritten / Data_Truncated,3,2,False,False
12/26/23 15:19,prbC4FD.tmp,\Users\blueangel\AppData\Local\Temp\prbC4FD.tmp,0.1597,10055008858.0,4.0,1717260888.0,0.9,0.7403,HIGH,Rule 1: Cross-artifact validation (LogFile + UsnJrnl),both,True,True,Time Reversal Event,Basic_Info_Changed / Data_Added / Data_Overwritten / Data_Truncated,3,2,False,False
12/26/23 15:15,WmiApRpl.h,\Windows\INF\WmiApRpl\WmiApRpl.h,0.2197,10054582021.0,4.0,1717154192.0,0.9,0.6803,HIGH,Rule 1: Cross-artifact validation (LogFile + UsnJrnl),both,True,True,Time Reversal Event,File_Created / Basic_Info_Changed / Data_Added / Data_Overwritten,3,1,False,False
12/26/23 0:13,344db9e0ced35349bae84ab4f5aa218e,\Windows\System32\config\systemprofile\AppData\Local\344db9e0ced35349bae84ab4f5aa218e,0.0998,10052982441.0,2.0,1716803456.0,0.9,0.8002,HIGH,Rule 1: Cross-artifact validation (LogFile + UsnJrnl),both,True,True,Time Reversal Event & Changing FileAttribute,Basic_Info_Changed / Compression_Changed / Data_Overwritten / Content_Indexed_Attr_Changed,3,2,False,False
12/26/23 0:13,42c9039d29cae94cb7c552543e5aff6d,\Windows\System32\config\systemprofile\AppData\Local\42c9039d29cae94cb7c552543e5aff6d,0.0898,10052980374.0,2.0,1716802128.0,0.9,0.8102,HIGH,Rule 1: Cross-artifact validation (LogFile + UsnJrnl),both,True,True,Time Reversal Event & Changing FileAttribute,Basic_Info_Changed / Compression_Changed / Data_Overwritten / Content_Indexed_Attr_Changed,3,2,False,False
12/26/23 0:13,a0baa35fb8790042b21adbf3226e9e78,\Windows\System32\config\systemprofile\AppData\Local\a0baa35fb8790042b21adbf3226e9e78,0.0898,10052978261.0,2.0,1716800688.0,0.9,0.8102,HIGH,Rule 1: Cross-artifact validation (LogFile + UsnJrnl),both,True,True,Time Reversal Event & Changing FileAttribute,Basic_Info_Changed / Compression_Changed / Data_Overwritten / Content_Indexed_Attr_Changed,3,2,False,False
12/26/23 0:13,3999ce2e524d034eac1edfd9c84a4ac8,\Windows\System32\config\systemprofile\AppData\Local\3999ce2e524d034eac1edfd9c84a4ac8,0.1097,10052976179.0,2.0,1716799360.0,0.9,0.7903,HIGH,Rule 1: Cross-artifact validation (LogFile + UsnJrnl),both,True,True,Time Reversal Event & Changing FileAttribute,Basic_Info_Changed / Compression_Changed / Data_Overwritten / Content_Indexed_Attr_Changed,3,2,False,False
12/26/23 0:13,9990b6108d7bd4429762c0ff594deda6,\Windows\System32\config\systemprofile\AppData\Local\9990b6108d7bd4429762c0ff594deda6,0.1097,10052974127.0,2.0,1716798032.0,0.9,0.7903,HIGH,Rule 1: Cross-artifact validation (LogFile + UsnJrnl),both,True,True,Time Reversal Event & Changing FileAttribute,Basic_Info_Changed / Compression_Changed / Data_Overwritten / Content_Indexed_Attr_Changed,3,2,False,False
12/26/23 0:13,78e0fa9d9275b94fbc003f3699097407,\Windows\System32\config\systemprofile\AppData\Local\78e0fa9d9275b94fbc003f3699097407,0.1097,10052972359.0,2.0,1716796592.0,0.9,0.7903,HIGH,Rule 1: Cross-artifact validation (LogFile + UsnJrnl),both,True,True,Time Reversal Event & Changing FileAttribute,Basic_Info_Changed / Compression_Changed / Data_Overwritten / Content_Indexed_Attr_Changed,3,2,False,False
12/26/23 0:13,a2747bb90ae9a046b6f51465b6aa2dd5,\Windows\System32\config\systemprofile\AppData\Local\a2747bb90ae9a046b6f51465b6aa2dd5,0.1097,10052970467.0,2.0,1716795264.0,0.9,0.7903,HIGH,Rule 1: Cross-artifact validation (LogFile + UsnJrnl),both,True,True,Time Reversal Event & Changing FileAttribute,Basic_Info_Changed / Compression_Changed / Data_Overwritten / Content_Indexed_Attr_Changed,3,2,False,False
12/26/23 0:13,f559b26028e56e4996be7db0fc747acc,\Windows\System32\config\systemprofile\AppData\Local\f559b26028e56e4996be7db0fc747acc,0.0898,10052966125.0,2.0,1716793936.0,0.9,0.8102,HIGH,Rule 1: Cross-artifact validation (LogFile + UsnJrnl),both,True,True,Time Reversal Event & Changing FileAttribute,Basic_Info_Changed / Compression_Changed / Data_Overwritten / Content_Indexed_Attr_Changed,3,2,False,False
12/26/23 0:13,efd6e7077ec96a499d7fd3f8e7734181,\Windows\System32\config\systemprofile\AppData\Local\efd6e7077ec96a499d7fd3f8e7734181,0.0898,10052964013.0,2.0,1716792496.0,0.9,0.8102,HIGH,Rule 1: Cross-artifact validation (LogFile + UsnJrnl),both,True,True,Time Reversal Event & Changing FileAttribute,Basic_Info_Changed / Compression_Changed / Data_Overwritten / Content_Indexed_Attr_Changed,3,2,False,False
12/26/23 0:13,09a5dd246305d641b9f78020a66ad7bc,\Windows\System32\config\systemprofile\AppData\Local\09a5dd246305d641b9f78020a66ad7bc,0.0898,10052961903.0,2.0,1716791168.0,0.9,0.8102,HIGH,Rule 1: Cross-artifact validation (LogFile + UsnJrnl),both,True,True,Time Reversal Event & Changing FileAttribute,Basic_Info_Changed / Compression_Changed / Data_Overwritten / Content_Indexed_Attr_Changed,3,2,False,False
12/26/23 0:13,b3545409b03689409663260c60227beb,\Windows\System32\config\systemprofile\AppData\Local\b3545409b03689409663260c60227beb,0.0898,10052959851.0,2.0,1716789840.0,0.9,0.8102,HIGH,Rule 1: Cross-artifact validation (LogFile + UsnJrnl),both,True,True,Time Reversal Event & Changing FileAttribute,Basic_Info_Changed / Compression_Changed / Data_Overwritten / Content_Indexed_Attr_Changed,3,2,False,False
12/26/23 0:13,4a8d2e53e807e8429a0350b222b537ae,\Windows\System32\config\systemprofile\AppData\Local\4a8d2e53e807e8429a0350b222b537ae,0.0898,10052958071.0,2.0,1716788400.0,0.9,0.8102,HIGH,Rule 1: Cross-artifact validation (LogFile + UsnJrnl),both,True,True,Time Reversal Event & Changing FileAttribute,Basic_Info_Changed / Compression_Changed / Data_Overwritten / Content_Indexed_Attr_Changed,3,2,False,False
12/26/23 0:13,5851f164e1e9914fa7fa1dc471f157fc,\Windows\System32\config\systemprofile\AppData\Local\5851f164e1e9914fa7fa1dc471f157fc,0.0898,10052956005.0,2.0,1716787072.0,0.9,0.8102,HIGH,Rule 1: Cross-artifact validation (LogFile + UsnJrnl),both,True,True,Time Reversal Event & Changing FileAttribute,Basic_Info_Changed / Compression_Changed / Data_Overwritten / Content_Indexed_Attr_Changed,3,2,False,False
12/26/23 0:13,8c02976e963c9c458a8abb788dfc5398,\Windows\System32\config\systemprofile\AppData\Local\8c02976e963c9c458a8abb788dfc5398,0.0898,10052954293.0,2.0,1716785744.0,0.9,0.8102,HIGH,Rule 1: Cross-artifact validation (LogFile + UsnJrnl),both,True,True,Time Reversal Event & Changing FileAttribute,Basic_Info_Changed / Compression_Changed / Data_Overwritten / Content_Indexed_Attr_Changed,3,2,False,False
12/26/23 0:13,05a2d614f473d040af50382813672698,\Windows\System32\config\systemprofile\AppData\Local\05a2d614f473d040af50382813672698,0.1097,10052881672.0,4.0,1716737032.0,0.9,0.7903,HIGH,Rule 1: Cross-artifact validation (LogFile + UsnJrnl),both,True,True,Time Reversal Event & Changing FileAttribute,Basic_Info_Changed / Compression_Changed / Data_Overwritten / Content_Indexed_Attr_Changed,3,2,False,False
12/26/23 0:13,fcf03efeed6d174f9270de10ad805fed,\Windows\System32\config\systemprofile\AppData\Local\fcf03efeed6d174f9270de10ad805fed,0.1097,10052876876.0,2.0,1716734184.0,0.9,0.7903,HIGH,Rule 1: Cross-artifact validation (LogFile + UsnJrnl),both,True,True,Time Reversal Event & Changing FileAttribute,Basic_Info_Changed / Compression_Changed / Data_Overwritten / Content_Indexed_Attr_Changed,3,2,False,False
12/26/23 0:13,8caff6392279c547a1e45b051f9a0a6b,\Windows\System32\config\systemprofile\AppData\Local\8caff6392279c547a1e45b051f9a0a6b,0.0998,10052872746.0,0.0,1716731408.0,0.9,0.8002,HIGH,Rule 1: Cross-artifact validation (LogFile + UsnJrnl),both,True,True,Time Reversal Event & Changing FileAttribute,Basic_Info_Changed / Compression_Changed / Data_Overwritten / Content_Indexed_Attr_Changed,3,2,False,False
12/26/23 0:13,b92de673fe982a4c8136a3f94959862e,\Windows\System32\config\systemprofile\AppData\Local\b92de673fe982a4c8136a3f94959862e,0.1097,10052868591.0,6.0,1716728632.0,0.9,0.7903,HIGH,Rule 1: Cross-artifact validation (LogFile + UsnJrnl),both,True,True,Time Reversal Event & Changing FileAttribute,Basic_Info_Changed / Compression_Changed / Data_Overwritten / Content_Indexed_Attr_Changed,3,2,False,False
12/26/23 0:05,language.dat,\Users\blueangel\AppData\Local\Temp\RarSFX1\language.dat,0.1498,10050638701.0,0.0,1715814976.0,0.9,0.7502,HIGH,Rule 1: Cross-artifact validation (LogFile + UsnJrnl),both,True,True,Time Reversal Event,File_Created / Basic_Info_Changed / Data_Added / Data_Overwritten,3,2,True,False
12/26/23 0:05,HFS+ Volume Header.tpl,\Users\blueangel\AppData\Local\Temp\RarSFX1\HFS+ Volume Header.tpl,0.1298,10050637832.0,6.0,1715814504.0,0.9,0.7702,HIGH,Rule 1: Cross-artifact validation (LogFile + UsnJrnl),both,True,True,Time Reversal Event,File_Created / Basic_Info_Changed / Data_Added / Data_Overwritten,3,2,True,False
12/26/23 0:05,File Type Signatures Search.txt,\Users\blueangel\AppData\Local\Temp\RarSFX1\File Type Signatures Search.txt,0.1398,10050636787.0,2.0,1715813848.0,0.9,0.7602,HIGH,Rule 1: Cross-artifact validation (LogFile + UsnJrnl),both,True,True,Time Reversal Event,File_Created / Basic_Info_Changed / Data_Added / Data_Overwritten,3,2,True,False
12/26/23 0:05,FAT LFN Entry.tpl,\Users\blueangel\AppData\Local\Temp\RarSFX1\FAT LFN Entry.tpl,0.1398,10050635821.0,0.0,1715813272.0,0.9,0.7602,HIGH,Rule 1: Cross-artifact validation (LogFile + UsnJrnl),both,True,True,Time Reversal Event,File_Created / Basic_Info_Changed / Data_Added / Data_Overwritten,3,2,True,False
12/26/23 0:05,FAT Directory Entry.tpl,\Users\blueangel\AppData\Local\Temp\RarSFX1\FAT Directory Entry.tpl,0.1398,10050634861.0,4.0,1715812760.0,0.9,0.7602,HIGH,Rule 1: Cross-artifact validation (LogFile + UsnJrnl),both,True,True,Time Reversal Event,File_Created / Basic_Info_Changed / Data_Added / Data_Overwritten,3,2,True,False
12/26/23 0:05,Ext Superblock.tpl,\Users\blueangel\AppData\Local\Temp\RarSFX1\Ext Superblock.tpl,0.1398,10050633883.0,4.0,1715812232.0,0.9,0.7602,HIGH,Rule 1: Cross-artifact validation (LogFile + UsnJrnl),both,True,True,Time Reversal Event,File_Created / Basic_Info_Changed / Data_Added / Data_Overwritten,3,2,True,False
12/26/23 0:05,Ext Inode.tpl,\Users\blueangel\AppData\Local\Temp\RarSFX1\Ext Inode.tpl,0.1498,10050632929.0,2.0,1715811768.0,0.9,0.7502,HIGH,Rule 1: Cross-artifact validation (LogFile + UsnJrnl),both,True,True,Time Reversal Event,File_Created / Basic_Info_Changed / Data_Added / Data_Overwritten,3,2,True,False
12/26/23 0:05,Ext Group Descriptor.tpl,\Users\blueangel\AppData\Local\Temp\RarSFX1\Ext Group Descriptor.tpl,0.1398,10050631969.0,0.0,1715811280.0,0.9,0.7602,HIGH,Rule 1: Cross-artifact validation (LogFile + UsnJrnl),both,True,True,Time Reversal Event,File_Created / Basic_Info_Changed / Data_Added / Data_Overwritten,3,2,True,False
12/26/23 0:05,Ext Directory Entry.tpl,\Users\blueangel\AppData\Local\Temp\RarSFX1\Ext Directory Entry.tpl,0.1398,10050631105.0,0.0,1715810720.0,0.9,0.7602,HIGH,Rule 1: Cross-artifact validation (LogFile + UsnJrnl),both,True,True,Time Reversal Event,File_Created / Basic_Info_Changed / Data_Added / Data_Overwritten,3,2,True,False
12/26/23 0:05,ebcdic.dat,\Users\blueangel\AppData\Local\Temp\RarSFX1\ebcdic.dat,0.1498,10050630121.0,4.0,1715810176.0,0.9,0.7502,HIGH,Rule 1: Cross-artifact validation (LogFile + UsnJrnl),both,True,True,Time Reversal Event,File_Created / Basic_Info_Changed / Data_Added / Data_Overwritten,3,2,True,False
12/26/23 0:05,Dialogs.dat,\Users\blueangel\AppData\Local\Temp\RarSFX1\Dialogs.dat,0.1398,10050629392.0,6.0,1715809760.0,0.9,0.7602,HIGH,Rule 1: Cross-artifact validation (LogFile + UsnJrnl),both,True,True,Time Reversal Event,File_Created / Basic_Info_Changed / Data_Added / Data_Overwritten,3,2,True,False
12/26/23 0:05,Boot Sector NTFS.tpl,\Users\blueangel\AppData\Local\Temp\RarSFX1\Boot Sector NTFS.tpl,0.1298,10050628526.0,6.0,1715809288.0,0.9,0.7702,HIGH,Rule 1: Cross-artifact validation (LogFile + UsnJrnl),both,True,True,Time Reversal Event,File_Created / Basic_Info_Changed / Data_Added / Data_Overwritten,3,2,True,False
12/26/23 0:05,Boot Sector FAT.tpl,\Users\blueangel\AppData\Local\Temp\RarSFX1\Boot Sector FAT.tpl,0.1398,10050627238.0,4.0,1715808768.0,0.9,0.7602,HIGH,Rule 1: Cross-artifact validation (LogFile + UsnJrnl),both,True,True,Time Reversal Event,File_Created / Basic_Info_Changed / Data_Added / Data_Overwritten,3,2,True,False
12/26/23 0:05,Boot Sector FAT32.tpl,\Users\blueangel\AppData\Local\Temp\RarSFX1\Boot Sector FAT32.tpl,0.1398,10050626275.0,2.0,1715808248.0,0.9,0.7602,HIGH,Rule 1: Cross-artifact validation (LogFile + UsnJrnl),both,True,True,Time Reversal Event,File_Created / Basic_Info_Changed / Data_Added / Data_Overwritten,3,2,True,False
12/26/23 0:05,b37397cb-81c0-4b2d-9d68-929f3cd6cc7b.tmp,\Users\blueangel\AppData\Roaming\Dropbox\b37397cb-81c0-4b2d-9d68-929f3cd6cc7b.tmp,0.1098,10050600389.0,2.0,1715796032.0,0.9,0.7902,HIGH,Rule 1: Cross-artifact validation (LogFile + UsnJrnl),both,True,True,Time Reversal Event,Basic_Info_Changed,3,2,False,False
12/26/23 0:04,cad59324-fb0d-460f-9b3a-3d049e5bcb53.tmp,\Users\blueangel\AppData\Roaming\Evernote\cad59324-fb0d-460f-9b3a-3d049e5bcb53.tmp,0.1098,10050403813.0,2.0,1715717416.0,0.9,0.7902,HIGH,Rule 1: Cross-artifact validation (LogFile + UsnJrnl),both,True,True,Time Reversal Event,Basic_Info_Changed,3,2,False,False
12/26/23 0:04,61e71646-e307-470d-8f24-0606f7e848e7.tmp,\Users\blueangel\AppData\Roaming\Microsoft\Teams\61e71646-e307-470d-8f24-0606f7e848e7.tmp,0.1098,10050321145.0,4.0,1715682624.0,0.9,0.7902,HIGH,Rule 1: Cross-artifact validation (LogFile + UsnJrnl),both,True,True,Time Reversal Event,Basic_Info_Changed,3,2,False,False
12/26/23 0:04,7b22fb34-92d0-4dcb-b505-a39bcd074abd.tmp,\Users\blueangel\AppData\Roaming\Evernote\Partitions\user%3A23847576\7b22fb34-92d0-4dcb-b505-a39bcd074abd.tmp,0.0998,10050264396.0,0.0,1715659968.0,0.9,0.8002,HIGH,Rule 1: Cross-artifact validation (LogFile + UsnJrnl),both,True,True,Time Reversal Event,Basic_Info_Changed,3,2,False,False
12/26/23 0:04,last_run_current_log.txt,,0.3096,10050227190.0,0.0,1715643088.0,0.9,0.5904,HIGH,Rule 1: Cross-artifact validation (LogFile + UsnJrnl),both,True,True,Time Reversal Event,File_Created / Basic_Info_Changed / Data_Added / Data_Overwritten,3,2,False,False
12/26/23 0:05,Master Boot Record.tpl,\Users\blueangel\AppData\Local\Temp\RarSFX1\Master Boot Record.tpl,0.1298,10050639635.0,6.0,1715815464.0,0.9,0.7702,HIGH,Rule 1: Cross-artifact validation (LogFile + UsnJrnl),both,True,True,Time Reversal Event,File_Created / Basic_Info_Changed / Data_Added / Data_Overwritten,3,2,True,False
12/26/23 0:05,NTFS FILE Record.tpl,\Users\blueangel\AppData\Local\Temp\RarSFX1\NTFS FILE Record.tpl,0.1398,10050640599.0,4.0,1715815984.0,0.9,0.7602,HIGH,Rule 1: Cross-artifact validation (LogFile + UsnJrnl),both,True,True,Time Reversal Event,File_Created / Basic_Info_Changed / Data_Added / Data_Overwritten,3,2,True,False
12/26/23 0:05,polish2.dat,\Users\blueangel\AppData\Local\Temp\RarSFX1\polish2.dat,0.1398,10050641460.0,6.0,1715816456.0,0.9,0.7602,HIGH,Rule 1: Cross-artifact validation (LogFile + UsnJrnl),both,True,True,Time Reversal Event,File_Created / Basic_Info_Changed / Data_Added / Data_Overwritten,3,2,True,False
12/26/23 0:05,WinHex.ico,\Users\blueangel\AppData\Local\Temp\RarSFX1\WinHex.ico,0.1498,10050655346.0,4.0,1715823672.0,0.9,0.7502,HIGH,Rule 1: Cross-artifact validation (LogFile + UsnJrnl),both,True,True,Time Reversal Event,File_Created / Basic_Info_Changed / Data_Added / Data_Overwritten,3,2,True,False
12/26/23 0:13,13422de657e25745b41a555baf21ecb1,\Windows\System32\config\systemprofile\AppData\Local\13422de657e25745b41a555baf21ecb1,0.1097,10052864407.0,4.0,1716725776.0,0.9,0.7903,HIGH,Rule 1: Cross-artifact validation (LogFile + UsnJrnl),both,True,True,Time Reversal Event & Changing FileAttribute,Basic_Info_Changed / Compression_Changed / Data_Overwritten / Content_Indexed_Attr_Changed,3,2,False,False
12/26/23 0:13,a3b487b56bfa514fb0895658b5bcd254,\Windows\System32\config\systemprofile\AppData\Local\a3b487b56bfa514fb0895658b5bcd254,0.1097,10052860224.0,2.0,1716722984.0,0.9,0.7903,HIGH,Rule 1: Cross-artifact validation (LogFile + UsnJrnl),both,True,True,Time Reversal Event & Changing FileAttribute,Basic_Info_Changed / Compression_Changed / Data_Overwritten / Content_Indexed_Attr_Changed,3,2,False,False
12/26/23 0:13,de5b27751a0c694e98ec9047f9c44c0f,\Windows\System32\config\systemprofile\AppData\Local\de5b27751a0c694e98ec9047f9c44c0f,0.0998,10052856077.0,0.0,1716720208.0,0.9,0.8002,HIGH,Rule 1: Cross-artifact validation (LogFile + UsnJrnl),both,True,True,Time Reversal Event & Changing FileAttribute,Basic_Info_Changed / Compression_Changed / Data_Overwritten / Content_Indexed_Attr_Changed,3,2,False,False
12/26/23 0:13,6ac3e0235dea1f42ac81c98a09fb9a9c,\Windows\System32\config\systemprofile\AppData\Local\6ac3e0235dea1f42ac81c98a09fb9a9c,0.1097,10052851893.0,4.0,1716717376.0,0.9,0.7903,HIGH,Rule 1: Cross-artifact validation (LogFile + UsnJrnl),both,True,True,Time Reversal Event & Changing FileAttribute,Basic_Info_Changed / Compression_Changed / Data_Overwritten / Content_Indexed_Attr_Changed,3,2,False,False
12/26/23 0:13,Microsoft-Desktop-Provisioning-Sequence.dat,\ProgramData\Microsoft\Provisioning\Microsoft-Desktop-Provisioning-Sequence.dat,0.1398,10052752194.0,2.0,1716658632.0,0.9,0.7602,HIGH,Rule 1: Cross-artifact validation (LogFile + UsnJrnl),both,True,True,Time Reversal Event,File_Created / Basic_Info_Changed / Data_Added / Data_Overwritten / Access_Right_Changed,3,2,False,False
12/26/23 0:09,WmiApRpl.h,,0.3296,10052241449.0,4.0,1716540112.0,0.9,0.5704,HIGH,Rule 1: Cross-artifact validation (LogFile + UsnJrnl),both,True,True,Time Reversal Event,File_Created / Basic_Info_Changed / Data_Added / Data_Overwritten,3,1,False,False
12/26/23 0:06,8aaa6312-0faa-4542-87c0-b403c487f180.tmp,\Users\blueangel\AppData\Local\Microsoft\Edge\User Data\8aaa6312-0faa-4542-87c0-b403c487f180.tmp,0.0998,10051046736.0,0.0,1716001904.0,0.9,0.8002,HIGH,Rule 1: Cross-artifact validation (LogFile + UsnJrnl),both,True,True,Time Reversal Event,Basic_Info_Changed,3,2,False,False
12/26/23 0:06,V6Q7NAQC2B16A2FMOZHG.temp,\Users\blueangel\AppData\Roaming\Microsoft\Windows\Recent\CustomDestinations\V6Q7NAQC2B16A2FMOZHG.temp,0.1098,10051030185.0,2.0,1715993408.0,0.9,0.7902,HIGH,Rule 1: Cross-artifact validation (LogFile + UsnJrnl),both,True,True,Time Reversal Event,Basic_Info_Changed,3,2,False,False
12/26/23 0:05,Sample script.whs,\Users\blueangel\AppData\Local\Temp\RarSFX1\Sample script.whs,0.1398,10050642395.0,0.0,1715816920.0,0.9,0.7602,HIGH,Rule 1: Cross-artifact validation (LogFile + UsnJrnl),both,True,True,Time Reversal Event,File_Created / Basic_Info_Changed / Data_Added / Data_Overwritten,3,2,True,False
12/26/23 0:05,3a6e8767-00d0-4224-921c-268883f7770c.tmp,\Users\blueangel\AppData\Roaming\Microsoft\Teams\Network\3a6e8767-00d0-4224-921c-268883f7770c.tmp,0.0998,10050816547.0,0.0,1715892368.0,0.9,0.8002,HIGH,Rule 1: Cross-artifact validation (LogFile + UsnJrnl),both,True,True,Time Reversal Event,Basic_Info_Changed,3,2,False,False
12/26/23 0:05,zlib1.dll,\Users\blueangel\AppData\Local\Temp\RarSFX1\zlib1.dll,0.1998,10050654512.0,0.0,1715823272.0,0.9,0.7002,HIGH,Rule 1: Cross-artifact validation (LogFile + UsnJrnl),both,True,True,Time Reversal Event,File_Created / Basic_Info_Changed / Data_Added / Data_Overwritten,3,2,True,False
12/26/23 0:05,winhex-d.hlp,\Users\blueangel\AppData\Local\Temp\RarSFX1\winhex-d.hlp,0.1398,10050653667.0,6.0,1715822856.0,0.9,0.7602,HIGH,Rule 1: Cross-artifact validation (LogFile + UsnJrnl),both,True,True,Time Reversal Event,File_Created / Basic_Info_Changed / Data_Added / Data_Overwritten,3,2,True,False
12/26/23 0:05,winhex-d.cnt,\Users\blueangel\AppData\Local\Temp\RarSFX1\winhex-d.cnt,0.1498,10050652841.0,4.0,1715822416.0,0.9,0.7502,HIGH,Rule 1: Cross-artifact validation (LogFile + UsnJrnl),both,True,True,Time Reversal Event,File_Created / Basic_Info_Changed / Data_Added / Data_Overwritten,3,2,True,False
12/26/23 0:05,winhex.hlp,\Users\blueangel\AppData\Local\Temp\RarSFX1\winhex.hlp,0.1498,10050652009.0,2.0,1715821992.0,0.9,0.7502,HIGH,Rule 1: Cross-artifact validation (LogFile + UsnJrnl),both,True,True,Time Reversal Event,File_Created / Basic_Info_Changed / Data_Added / Data_Overwritten,3,2,True,False
12/26/23 0:05,WinHex.exe,\Users\blueangel\AppData\Local\Temp\RarSFX1\WinHex.exe,0.1998,10050651056.0,4.0,1715821592.0,0.9,0.7002,HIGH,Rule 1: Cross-artifact validation (LogFile + UsnJrnl),both,True,True,Time Reversal Event,File_Created / Basic_Info_Changed / Data_Added / Data_Overwritten,3,2,True,False
12/26/23 0:05,winhex.cnt,\Users\blueangel\AppData\Local\Temp\RarSFX1\winhex.cnt,0.1498,10050650237.0,0.0,1715821192.0,0.9,0.7502,HIGH,Rule 1: Cross-artifact validation (LogFile + UsnJrnl),both,True,True,Time Reversal Event,File_Created / Basic_Info_Changed / Data_Added / Data_Overwritten,3,2,True,False
12/26/23 0:05,timezone.dat,\Users\blueangel\AppData\Local\Temp\RarSFX1\timezone.dat,0.1398,10050648860.0,6.0,1715820488.0,0.9,0.7602,HIGH,Rule 1: Cross-artifact validation (LogFile + UsnJrnl),both,True,True,Time Reversal Event,File_Created / Basic_Info_Changed / Data_Added / Data_Overwritten,3,2,True,False
12/26/23 0:05,Text file conversion UNIX - Windows.whs,\Users\blueangel\AppData\Local\Temp\RarSFX1\Text file conversion UNIX - Windows.whs,0.1198,10050644751.0,4.0,1715817944.0,0.9,0.7802,HIGH,Rule 1: Cross-artifact validation (LogFile + UsnJrnl),both,True,True,Time Reversal Event,File_Created / Basic_Info_Changed / Data_Added / Data_Overwritten,3,2,True,False
12/26/23 0:05,setup.exe,\Users\blueangel\AppData\Local\Temp\RarSFX1\setup.exe,0.1998,10050643265.0,2.0,1715817352.0,0.9,0.7002,HIGH,Rule 1: Cross-artifact validation (LogFile + UsnJrnl),both,True,True,Time Reversal Event,File_Created / Basic_Info_Changed / Data_Added / Data_Overwritten,3,2,True,False
,Text file conversion Windows - UNIX.whs,\Users\blueangel\AppData\Local\Temp\RarSFX1\Text file conversion Windows - UNIX.whs,0.1497,10050645690.0,6.0,,0.75,0.6003,HIGH,Rule 3: Zero nanoseconds pattern detected,logfile_only,True,False,Time Reversal Event,,2,1,True,False
,user.txt,\Users\blueangel\AppData\Local\Temp\RarSFX1\user.txt,0.1797,10050656120.0,6.0,,0.75,0.5703,HIGH,Rule 3: Zero nanoseconds pattern detected,logfile_only,True,False,Time Reversal Event,,2,1,True,False
,NewFileTime_SI_M_Manipulation.dll,\Program Files\Windows Mail\NewFileTime_SI_M_Manipulation.dll,0.4492,10055543485.0,4.0,,0.75,0.3008,HIGH,Rule 3: Zero nanoseconds pattern detected,logfile_only,True,False,Time Reversal Event,,2,1,True,False
