filename,full_path,lf_lsn,usn_usn,confidence_pct,usn_event_time,lf_event,lf_detail,usn_event_info,zero_in_nanoseconds,zero_in_nanoseconds_lf,time_reversal_event,basic_info_changed,cross_artifact_validation_score,cross_artifact_detected,has_logfile_evidence,has_usnjrnl_evidence,lf_creation_time,lf_modified_time,lf_accessed_time,lf_mft_modified_time,timestamp_changed_to_past,using_another_timestamp,modified_creationtime,modified_modifiedtime,modified_accessedtime,zero_nano_time_reversal,path_depth,filename_length,is_executable,is_document,is_archive,is_image
276a6c74b79740aff136d8eebb1c78e7a5be438c454847832e9426a7be4fa6c0,\Users\blueangel\Desktop\Sample\276a6c74b79740aff136d8eebb1c78e7a5be438c454847832e9426a7be4fa6c0,6280866245.0,996836480.0,99.22425653447614,1/5/23 22:09,Time Reversal Event,CreationTime : 2023-01-05 22:09:04 -> 2023-01-04 22:34:14(Zero in 100-nanoseconds)/ ModifiedTime : 2023-01-05 22:09:04 -> 2023-01-04 21:53:04,File_Created / Basic_Info_Changed / Data_Added / File_Closed,True,True,True,True,1.0,True,True,True,,,,,False,False,True,True,False,True,5,64,False,False,False,False
Appraiser_Data.ini.bak,\Windows\appcompat\appraiser\AltData\Appraiser_Data.ini.bak,6281332842.0,997008904.0,99.7133843905534,1/5/23 22:09,Time Reversal Event,ModifiedTime : 2023-01-05 22:09:20 -> 2022-11-03 13:26:00(Zero in 100-nanoseconds),File_Created / Basic_Info_Changed / Data_Added / File_Closed,True,True,True,True,1.0,True,True,True,,,,,False,False,False,True,False,True,5,22,False,False,False,False
asw35130d1c2be86e0b.tmp,\Windows\Temp\asw35130d1c2be86e0b.tmp,6280373185.0,996703312.0,99.76354554294842,1/4/23 22:00,Time Reversal Event,ModifiedTime : 2023-01-04 22:00:43 -> 2022-12-20 22:00:20/ MFTModifiedTime : 2023-01-04 22:00:43 -> 2022-12-20 22:00:26,Basic_Info_Changed / File_Closed,False,False,True,True,1.0,True,True,True,,,,,False,False,False,True,False,False,3,23,False,False,False,False
asw6a432a45eda3f7ef.tmp,\Windows\Temp\asw6a432a45eda3f7ef.tmp,6280377580.0,996705264.0,99.76354554294842,1/4/23 22:00,Time Reversal Event,ModifiedTime : 2023-01-04 22:00:43 -> 2022-12-20 22:00:20/ MFTModifiedTime : 2023-01-04 22:00:43 -> 2022-12-20 22:00:26,Basic_Info_Changed / File_Closed,False,False,True,True,1.0,True,True,True,,,,,False,False,False,True,False,False,3,23,False,False,False,False
aswd9520500a967ece8.tmp,\Windows\Temp\aswd9520500a967ece8.tmp,6280378918.0,996706160.0,99.76354554294842,1/4/23 22:00,Time Reversal Event,ModifiedTime : 2023-01-04 22:00:43 -> 2022-12-20 22:00:20/ MFTModifiedTime : 2023-01-04 22:00:43 -> 2022-12-20 22:00:20,Basic_Info_Changed / File_Closed,False,False,True,True,1.0,True,True,True,,,,,False,False,False,True,False,False,3,23,False,False,False,False
aswe89ffd4b1c9391f3.tmp,\Windows\Temp\aswe89ffd4b1c9391f3.tmp,6280375036.0,996704256.0,99.76354554294842,1/4/23 22:00,Time Reversal Event,ModifiedTime : 2023-01-04 22:00:43 -> 2022-12-20 22:00:20/ MFTModifiedTime : 2023-01-04 22:00:43 -> 2022-12-20 22:00:20,Basic_Info_Changed / File_Closed,False,False,True,True,1.0,True,True,True,,,,,False,False,False,True,False,False,3,23,False,False,False,False
BIT2086.tmp,\Users\blueangel\AppData\Local\Temp\BIT2086.tmp,6280691166.0,996793440.0,99.76288903371022,1/5/23 22:08,Time Reversal Event & Changing FileAttribute,CreationTime : 2023-01-05 22:08:57 -> 2023-01-05 22:00:26(Zero in 100-nanoseconds)/ ModifiedTime : 2023-01-05 22:08:58 -> 2023-01-05 22:00:26(Zero in 100-nanoseconds)/ MFTModifiedTime : 2023-01-05 22:08:58 -> 2023-01-05 22:00:26(Zero in 100-nanoseconds)/ AccessedTime : 2023-01-05 22:08:58 -> 2023-01-05 22:00:26(Zero in 100-nanoseconds) & Hidden/ Archive -> Hidden,Basic_Info_Changed / File_Closed,True,True,True,True,1.0,True,True,True,,,,,False,False,True,True,True,True,6,11,False,False,False,False
BIT20A6.tmp,\Users\blueangel\AppData\Local\Temp\BIT20A6.tmp,6280685606.0,996791096.0,99.76288903371022,1/5/23 22:08,Time Reversal Event & Changing FileAttribute,CreationTime : 2023-01-05 22:08:57 -> 2023-01-05 08:41:13(Zero in 100-nanoseconds)(same as wctB227.tmp)/ ModifiedTime : 2023-01-05 22:08:58 -> 2023-01-05 08:41:13(Zero in 100-nanoseconds)(same as wctB227.tmp)/ MFTModifiedTime : 2023-01-05 22:08:58 -> 2023-01-05 08:41:13(Zero in 100-nanoseconds)/ AccessedTime : 2023-01-05 22:08:58 -> 2023-01-05 08:41:13(Zero in 100-nanoseconds)(same as wctB227.tmp) & Hidden/ Archive -> Hidden,Basic_Info_Changed / File_Closed,True,True,True,True,1.0,True,True,True,,,,,False,False,True,True,True,True,6,11,False,False,False,False
BIT2693.tmp,\Windows\Temp\BIT2693.tmp,6280742138.0,996808304.0,99.60955014368511,1/5/23 22:09,Time Reversal Event & Changing FileAttribute,CreationTime : 2023-01-05 22:08:58 -> 2023-01-05 22:00:26(Zero in 100-nanoseconds)(same as wct5522.tmp)/ ModifiedTime : 2023-01-05 22:08:59 -> 2023-01-05 22:00:26(Zero in 100-nanoseconds)(same as wct5522.tmp)/ MFTModifiedTime : 2023-01-05 22:08:59 -> 2023-01-05 22:00:26(Zero in 100-nanoseconds)/ AccessedTime : 2023-01-05 22:08:59 -> 2023-01-05 22:00:26(Zero in 100-nanoseconds) & Hidden/ Archive -> Hidden,Basic_Info_Changed / File_Closed,True,True,True,True,1.0,True,True,True,,,,,False,False,True,True,True,True,3,11,False,False,False,False
BIT2E15.tmp,\Windows\Temp\BIT2E15.tmp,6280765733.0,996812632.0,99.60955014368511,1/5/23 22:09,Time Reversal Event & Changing FileAttribute,CreationTime : 2023-01-05 22:09:00 -> 2023-01-05 08:41:13(Zero in 100-nanoseconds)/ ModifiedTime : 2023-01-05 22:09:01 -> 2023-01-05 08:41:13(Zero in 100-nanoseconds)/ MFTModifiedTime : 2023-01-05 22:09:01 -> 2023-01-05 08:41:13(Zero in 100-nanoseconds)/ AccessedTime : 2023-01-05 22:09:01 -> 2023-01-05 08:41:13(Zero in 100-nanoseconds) & Hidden/ Archive -> Hidden,Basic_Info_Changed / File_Closed,True,True,True,True,1.0,True,True,True,,,,,False,False,True,True,True,True,3,11,False,False,False,False
BIT2F5F.tmp,\Windows\Temp\BIT2F5F.tmp,6280899609.0,996840408.0,99.60955014368511,1/5/23 22:09,Time Reversal Event & Changing FileAttribute,CreationTime : 2023-01-05 22:09:01 -> 2023-01-05 08:39:20(Zero in 100-nanoseconds)/ ModifiedTime : 2023-01-05 22:09:01 -> 2023-01-05 08:39:20(Zero in 100-nanoseconds)/ MFTModifiedTime : 2023-01-05 22:09:01 -> 2023-01-05 08:39:20(Zero in 100-nanoseconds)/ AccessedTime : 2023-01-05 22:09:01 -> 2023-01-05 08:39:20(Zero in 100-nanoseconds) & Hidden/ Archive -> Hidden,Basic_Info_Changed / File_Closed,True,True,True,True,1.0,True,True,True,,,,,False,False,True,True,True,True,3,11,False,False,False,False
BIT5537.tmp,\Windows\Temp\BIT5537.tmp,6280968867.0,996851888.0,99.60955014368511,1/5/23 22:09,Time Reversal Event & Changing FileAttribute,CreationTime : 2023-01-05 22:09:10 -> 2023-01-05 22:00:26(Zero in 100-nanoseconds)(same as wct2681.tmp)/ ModifiedTime : 2023-01-05 22:09:11 -> 2023-01-05 22:00:26(Zero in 100-nanoseconds)(same as wct2681.tmp)/ MFTModifiedTime : 2023-01-05 22:09:11 -> 2023-01-05 22:00:26(Zero in 100-nanoseconds)/ AccessedTime : 2023-01-05 22:09:11 -> 2023-01-05 22:00:26(Zero in 100-nanoseconds) & Hidden/ Archive -> Hidden,Basic_Info_Changed / File_Closed,True,True,True,True,1.0,True,True,True,,,,,False,False,True,True,True,True,3,11,False,False,False,False
BIT6CF6.tmp,\Users\blueangel\AppData\Local\Temp\BIT6CF6.tmp,6281156754.0,996932344.0,99.76288903371022,1/5/23 22:09,Time Reversal Event & Changing FileAttribute,CreationTime : 2023-01-05 22:09:16 -> 2023-01-05 22:05:52(Zero in 100-nanoseconds)/ ModifiedTime : 2023-01-05 22:09:17 -> 2023-01-05 22:05:52(Zero in 100-nanoseconds)/ MFTModifiedTime : 2023-01-05 22:09:17 -> 2023-01-05 22:05:52(Zero in 100-nanoseconds)/ AccessedTime : 2023-01-05 22:09:17 -> 2023-01-05 22:05:52(Zero in 100-nanoseconds) & Hidden/ Archive -> Hidden,Basic_Info_Changed / File_Closed,True,True,True,True,1.0,True,True,True,,,,,False,False,True,True,True,True,6,11,False,False,False,False
BIT6F87.tmp,\Windows\Temp\BIT6F87.tmp,6281246246.0,996974992.0,99.60955014368511,1/5/23 22:09,Time Reversal Event & Changing FileAttribute,CreationTime : 2023-01-05 22:09:17 -> 2023-01-05 22:05:52(Zero in 100-nanoseconds)(same as wctCBC9.tmp)/ ModifiedTime : 2023-01-05 22:09:18 -> 2023-01-05 22:05:52(Zero in 100-nanoseconds)(same as wctCBC9.tmp)/ MFTModifiedTime : 2023-01-05 22:09:18 -> 2023-01-05 22:05:52(Zero in 100-nanoseconds)/ AccessedTime : 2023-01-05 22:09:18 -> 2023-01-05 22:05:52(Zero in 100-nanoseconds) & Hidden/ Archive -> Hidden,Basic_Info_Changed / File_Closed,True,True,True,True,1.0,True,True,True,,,,,False,False,True,True,True,True,3,11,False,False,False,False
BIT795C.tmp,\Windows\Temp\BIT795C.tmp,6281334926.0,997010184.0,99.60955014368511,1/5/23 22:09,Time Reversal Event,CreationTime : 2023-01-05 22:09:20 -> 2022-12-17 23:35:25(Zero in 100-nanoseconds)/ ModifiedTime : 2023-01-05 22:09:20 -> 2022-12-17 23:35:25(Zero in 100-nanoseconds)/ MFTModifiedTime : 2023-01-05 22:09:20 -> 2022-12-17 23:35:25(Zero in 100-nanoseconds)/ AccessedTime : 2023-01-05 22:09:20 -> 2022-12-17 23:35:25(Zero in 100-nanoseconds),Basic_Info_Changed / File_Closed,True,True,True,True,1.0,True,True,True,,,,,False,False,True,True,True,True,3,11,False,False,False,False
BITB232.tmp,\Users\blueangel\AppData\Local\Temp\BITB232.tmp,6291783973.0,997768600.0,99.76288903371022,1/5/23 22:09,Time Reversal Event & Changing FileAttribute,CreationTime : 2023-01-05 22:09:34 -> 2023-01-05 08:41:13(Zero in 100-nanoseconds)(same as wct206E.tmp)/ ModifiedTime : 2023-01-05 22:09:35 -> 2023-01-05 08:41:13(Zero in 100-nanoseconds)(same as wct206E.tmp)/ MFTModifiedTime : 2023-01-05 22:09:35 -> 2023-01-05 08:41:13(Zero in 100-nanoseconds)/ AccessedTime : 2023-01-05 22:09:35 -> 2023-01-05 08:41:13(Zero in 100-nanoseconds) & Hidden/ Archive -> Hidden,Basic_Info_Changed / File_Closed,True,True,True,True,1.0,True,True,True,,,,,False,False,True,True,True,True,6,11,False,False,False,False
BITCBD5.tmp,\Windows\Temp\BITCBD5.tmp,6292125927.0,997880496.0,99.60955014368511,1/5/23 22:09,Time Reversal Event & Changing FileAttribute,CreationTime : 2023-01-05 22:09:41 -> 2023-01-05 22:05:52(Zero in 100-nanoseconds)(same as wct6F61.tmp)/ ModifiedTime : 2023-01-05 22:09:42 -> 2023-01-05 22:05:52(Zero in 100-nanoseconds)(same as wct6F61.tmp)/ MFTModifiedTime : 2023-01-05 22:09:42 -> 2023-01-05 22:05:52(Zero in 100-nanoseconds)/ AccessedTime : 2023-01-05 22:09:42 -> 2023-01-05 22:05:52(Zero in 100-nanoseconds) & Hidden/ Archive -> Hidden,Basic_Info_Changed / File_Closed,True,True,True,True,1.0,True,True,True,,,,,False,False,True,True,True,True,3,11,False,False,False,False
boof.dll,\Windows\SysWOW64\boof.dll,6281030353.0,996866824.0,99.98971342334488,1/5/23 22:09,Time Reversal Event,CreationTime : 2023-01-05 22:09:14 -> 2019-12-07 17:03:44(Zero in 100-nanoseconds)(same as boof.exe/ boof.sys)/ ModifiedTime : 2023-01-05 22:09:14 -> 2019-12-07 17:03:44(Zero in 100-nanoseconds)(same as boof.exe/ boof.sys)/ AccessedTime : 2023-01-05 22:09:14 -> 2019-12-07 17:03:44(Zero in 100-nanoseconds)(same as boof.sys),Basic_Info_Changed / File_Closed,True,True,True,True,1.0,True,True,True,,,,,False,False,True,True,True,True,3,8,True,False,False,False
boof.exe,\Windows\SysWOW64\boof.exe,6281031128.0,996867224.0,99.98971342334488,1/5/23 22:09,Time Reversal Event,CreationTime : 2023-01-05 22:09:14 -> 2019-12-07 17:03:44(Zero in 100-nanoseconds)(same as boof.dll/ boof.sys)/ ModifiedTime : 2023-01-05 22:09:14 -> 2019-12-07 17:03:44(Zero in 100-nanoseconds)(same as boof.dll/ boof.sys)/ AccessedTime : 2023-01-05 22:09:14 -> 2019-12-07 17:03:44(Zero in 100-nanoseconds)(same as boof.dll/ boof.sys),Basic_Info_Changed / File_Closed,True,True,True,True,1.0,True,True,True,,,,,False,False,True,True,True,True,3,8,True,False,False,False
boof.sys,\Windows\SysWOW64\boof.sys,6281031900.0,996867624.0,99.98971342334488,1/5/23 22:09,Time Reversal Event,CreationTime : 2023-01-05 22:09:14 -> 2019-12-07 17:03:44(Zero in 100-nanoseconds)(same as boof.dll/ boof.exe)/ ModifiedTime : 2023-01-05 22:09:14 -> 2019-12-07 17:03:44(Zero in 100-nanoseconds)(same as boof.dll/ boof.exe)/ AccessedTime : 2023-01-05 22:09:14 -> 2019-12-07 17:03:44(Zero in 100-nanoseconds)(same as boof.dll),Basic_Info_Changed / File_Closed,True,True,True,True,1.0,True,True,True,,,,,False,False,True,True,True,True,3,8,True,False,False,False
lsdb2.json.new,\ProgramData\Avast Software\Avast\lsdb2.json.new,6291963097.0,997831104.0,99.83961176815414,1/5/23 22:09,Time Reversal Event,CreationTime : 2023-01-05 22:09:38 -> 2022-12-20 22:01:50(same as lsdb2.json),Basic_Info_Changed / File_Renamed_Old / Access_Right_Changed,False,False,True,True,1.0,True,True,True,,,,,False,False,True,False,False,False,4,14,False,False,False,False
OneDrive.exe,\Program Files\Microsoft OneDrive\OneDrive.exe,6282905221.0,997514232.0,99.81144802458934,1/5/23 22:09,Time Reversal Event,ModifiedTime : 2023-01-05 22:09:31 -> 2023-01-05 22:09:21/ MFTModifiedTime : 2023-01-05 22:09:31 -> 2023-01-05 22:09:21,Basic_Info_Changed / Named_Data_Stream_Added / Reparse_Point_Changed / Named_Stream_Changed / File_Closed,False,False,True,True,1.0,True,True,True,,,,,False,False,False,True,False,False,3,12,True,False,False,False
OneDrive.VisualElementsManifest.xml,\Program Files\Microsoft OneDrive\OneDrive.VisualElementsManifest.xml,6282961071.0,997552400.0,99.66587469439219,1/5/23 22:09,Time Reversal Event,ModifiedTime : 2023-01-05 22:09:31 -> 2023-01-05 22:09:21/ MFTModifiedTime : 2023-01-05 22:09:31 -> 2023-01-05 22:09:21,File_Created / Basic_Info_Changed / Data_Added / Data_Overwritten / File_Closed,False,False,True,True,1.0,True,True,True,,,,,False,False,False,True,False,False,3,35,False,False,False,False
OneDriveMedTile.contrast-black_scale-100.png,\Program Files\Microsoft OneDrive\LogoImages\OneDriveMedTile.contrast-black_scale-100.png,6282910257.0,997515720.0,99.00761744518758,1/5/23 22:09,Time Reversal Event,ModifiedTime : 2023-01-05 22:09:31 -> 2023-01-05 22:09:23/ MFTModifiedTime : 2023-01-05 22:09:31 -> 2023-01-05 22:09:23,File_Created / Basic_Info_Changed / Data_Added / Data_Overwritten / File_Closed,False,False,True,True,1.0,True,True,True,,,,,False,False,False,True,False,False,4,44,False,False,False,True
OneDriveMedTile.contrast-black_scale-125.png,\Program Files\Microsoft OneDrive\LogoImages\OneDriveMedTile.contrast-black_scale-125.png,6282912187.0,997517120.0,99.00761744518758,1/5/23 22:09,Time Reversal Event,ModifiedTime : 2023-01-05 22:09:31 -> 2023-01-05 22:09:23/ MFTModifiedTime : 2023-01-05 22:09:31 -> 2023-01-05 22:09:23,File_Created / Basic_Info_Changed / Data_Added / Data_Overwritten / File_Closed,False,False,True,True,1.0,True,True,True,,,,,False,False,False,True,False,False,4,44,False,False,False,True
OneDriveMedTile.contrast-black_scale-150.png,\Program Files\Microsoft OneDrive\LogoImages\OneDriveMedTile.contrast-black_scale-150.png,6282913452.0,997518296.0,99.00761744518758,1/5/23 22:09,Time Reversal Event,ModifiedTime : 2023-01-05 22:09:31 -> 2023-01-05 22:09:23/ MFTModifiedTime : 2023-01-05 22:09:31 -> 2023-01-05 22:09:23,File_Created / Basic_Info_Changed / Data_Added / Data_Overwritten / File_Closed,False,False,True,True,1.0,True,True,True,,,,,False,False,False,True,False,False,4,44,False,False,False,True
OneDriveMedTile.contrast-black_scale-200.png,\Program Files\Microsoft OneDrive\LogoImages\OneDriveMedTile.contrast-black_scale-200.png,6282915305.0,997519664.0,99.00761744518758,1/5/23 22:09,Time Reversal Event,ModifiedTime : 2023-01-05 22:09:31 -> 2023-01-05 22:09:23/ MFTModifiedTime : 2023-01-05 22:09:31 -> 2023-01-05 22:09:23,File_Created / Basic_Info_Changed / Data_Added / Data_Overwritten / File_Closed,False,False,True,True,1.0,True,True,True,,,,,False,False,False,True,False,False,4,44,False,False,False,True
OneDriveMedTile.contrast-black_scale-400.png,\Program Files\Microsoft OneDrive\LogoImages\OneDriveMedTile.contrast-black_scale-400.png,6282916609.0,997520728.0,99.00761744518758,1/5/23 22:09,Time Reversal Event,ModifiedTime : 2023-01-05 22:09:31 -> 2023-01-05 22:09:23/ MFTModifiedTime : 2023-01-05 22:09:31 -> 2023-01-05 22:09:23,File_Created / Basic_Info_Changed / Data_Added / Data_Overwritten / File_Closed,False,False,True,True,1.0,True,True,True,,,,,False,False,False,True,False,False,4,44,False,False,False,True
OneDriveMedTile.contrast-white_scale-100.png,\Program Files\Microsoft OneDrive\LogoImages\OneDriveMedTile.contrast-white_scale-100.png,6282919043.0,997522128.0,99.00761744518758,1/5/23 22:09,Time Reversal Event,ModifiedTime : 2023-01-05 22:09:31 -> 2023-01-05 22:09:23/ MFTModifiedTime : 2023-01-05 22:09:31 -> 2023-01-05 22:09:23,File_Created / Basic_Info_Changed / Data_Added / Data_Overwritten / File_Closed,False,False,True,True,1.0,True,True,True,,,,,False,False,False,True,False,False,4,44,False,False,False,True
OneDriveMedTile.contrast-white_scale-125.png,\Program Files\Microsoft OneDrive\LogoImages\OneDriveMedTile.contrast-white_scale-125.png,6282920803.0,997523568.0,99.00761744518758,1/5/23 22:09,Time Reversal Event,ModifiedTime : 2023-01-05 22:09:31 -> 2023-01-05 22:09:23/ MFTModifiedTime : 2023-01-05 22:09:31 -> 2023-01-05 22:09:23,File_Created / Basic_Info_Changed / Data_Added / Data_Overwritten / File_Closed,False,False,True,True,1.0,True,True,True,,,,,False,False,False,True,False,False,4,44,False,False,False,True
OneDriveMedTile.contrast-white_scale-150.png,\Program Files\Microsoft OneDrive\LogoImages\OneDriveMedTile.contrast-white_scale-150.png,6282922167.0,997524632.0,99.00761744518758,1/5/23 22:09,Time Reversal Event,ModifiedTime : 2023-01-05 22:09:31 -> 2023-01-05 22:09:23/ MFTModifiedTime : 2023-01-05 22:09:31 -> 2023-01-05 22:09:23,File_Created / Basic_Info_Changed / Data_Added / Data_Overwritten / File_Closed,False,False,True,True,1.0,True,True,True,,,,,False,False,False,True,False,False,4,44,False,False,False,True
OneDriveMedTile.contrast-white_scale-200.png,\Program Files\Microsoft OneDrive\LogoImages\OneDriveMedTile.contrast-white_scale-200.png,6282923309.0,997525696.0,99.00761744518758,1/5/23 22:09,Time Reversal Event,ModifiedTime : 2023-01-05 22:09:31 -> 2023-01-05 22:09:23/ MFTModifiedTime : 2023-01-05 22:09:31 -> 2023-01-05 22:09:23,File_Created / Basic_Info_Changed / Data_Added / Data_Overwritten / File_Closed,False,False,True,True,1.0,True,True,True,,,,,False,False,False,True,False,False,4,44,False,False,False,True
OneDriveMedTile.contrast-white_scale-400.png,\Program Files\Microsoft OneDrive\LogoImages\OneDriveMedTile.contrast-white_scale-400.png,6282924462.0,997526760.0,99.00761744518758,1/5/23 22:09,Time Reversal Event,ModifiedTime : 2023-01-05 22:09:31 -> 2023-01-05 22:09:23/ MFTModifiedTime : 2023-01-05 22:09:31 -> 2023-01-05 22:09:23,File_Created / Basic_Info_Changed / Data_Added / Data_Overwritten / File_Closed,False,False,True,True,1.0,True,True,True,,,,,False,False,False,True,False,False,4,44,False,False,False,True
OneDriveMedTile.scale-100.png,\Program Files\Microsoft OneDrive\LogoImages\OneDriveMedTile.scale-100.png,6282926329.0,997528032.0,98.64680877984493,1/5/23 22:09,Time Reversal Event,ModifiedTime : 2023-01-05 22:09:31 -> 2023-01-05 22:09:23/ MFTModifiedTime : 2023-01-05 22:09:31 -> 2023-01-05 22:09:23,File_Created / Basic_Info_Changed / Data_Added / Data_Overwritten / File_Closed,False,False,True,True,1.0,True,True,True,,,,,False,False,False,True,False,False,4,29,False,False,False,True
OneDriveMedTile.scale-125.png,\Program Files\Microsoft OneDrive\LogoImages\OneDriveMedTile.scale-125.png,6282927501.0,997528872.0,98.64680877984493,1/5/23 22:09,Time Reversal Event,ModifiedTime : 2023-01-05 22:09:31 -> 2023-01-05 22:09:23/ MFTModifiedTime : 2023-01-05 22:09:31 -> 2023-01-05 22:09:23,File_Created / Basic_Info_Changed / Data_Added / Data_Overwritten / File_Closed,False,False,True,True,1.0,True,True,True,,,,,False,False,False,True,False,False,4,29,False,False,False,True
OneDriveMedTile.scale-150.png,\Program Files\Microsoft OneDrive\LogoImages\OneDriveMedTile.scale-150.png,6282928993.0,997529936.0,98.64680877984493,1/5/23 22:09,Time Reversal Event,ModifiedTime : 2023-01-05 22:09:31 -> 2023-01-05 22:09:23/ MFTModifiedTime : 2023-01-05 22:09:31 -> 2023-01-05 22:09:23,File_Created / Basic_Info_Changed / Data_Added / Data_Overwritten / File_Closed,False,False,True,True,1.0,True,True,True,,,,,False,False,False,True,False,False,4,29,False,False,False,True
OneDriveMedTile.scale-200.png,\Program Files\Microsoft OneDrive\LogoImages\OneDriveMedTile.scale-200.png,6282930263.0,997530888.0,98.64680877984493,1/5/23 22:09,Time Reversal Event,ModifiedTime : 2023-01-05 22:09:31 -> 2023-01-05 22:09:23/ MFTModifiedTime : 2023-01-05 22:09:31 -> 2023-01-05 22:09:23,File_Created / Basic_Info_Changed / Data_Added / Data_Overwritten / File_Closed,False,False,True,True,1.0,True,True,True,,,,,False,False,False,True,False,False,4,29,False,False,False,True
OneDriveMedTile.scale-400.png,\Program Files\Microsoft OneDrive\LogoImages\OneDriveMedTile.scale-400.png,6282931344.0,997531768.0,98.64680877984493,1/5/23 22:09,Time Reversal Event,ModifiedTime : 2023-01-05 22:09:31 -> 2023-01-05 22:09:23/ MFTModifiedTime : 2023-01-05 22:09:31 -> 2023-01-05 22:09:23,File_Created / Basic_Info_Changed / Data_Added / Data_Overwritten / File_Closed,False,False,True,True,1.0,True,True,True,,,,,False,False,False,True,False,False,4,29,False,False,False,True
OneDriveSetup.exe,\Program Files\Microsoft OneDrive\22.248.1127.0001\OneDriveSetup.exe,6282616725.0,997767736.0,98.26101459611517,1/5/23 22:09,Time Reversal Event,ModifiedTime : 2023-01-05 22:09:27 -> 2023-01-05 22:09:06,Basic_Info_Changed / File_Closed,False,False,True,True,1.0,True,True,True,,,,,False,False,False,True,False,False,4,17,True,False,False,False
OneDriveSmallTile.contrast-black_scale-100.png,\Program Files\Microsoft OneDrive\LogoImages\OneDriveSmallTile.contrast-black_scale-100.png,6282932573.0,997532768.0,99.00939478181405,1/5/23 22:09,Time Reversal Event,ModifiedTime : 2023-01-05 22:09:31 -> 2023-01-05 22:09:23/ MFTModifiedTime : 2023-01-05 22:09:31 -> 2023-01-05 22:09:23,File_Created / Basic_Info_Changed / Data_Added / Data_Overwritten / File_Closed,False,False,True,True,1.0,True,True,True,,,,,False,False,False,True,False,False,4,46,False,False,False,True
OneDriveSmallTile.contrast-black_scale-125.png,\Program Files\Microsoft OneDrive\LogoImages\OneDriveSmallTile.contrast-black_scale-125.png,6282933779.0,997533832.0,99.00939478181405,1/5/23 22:09,Time Reversal Event,ModifiedTime : 2023-01-05 22:09:31 -> 2023-01-05 22:09:23/ MFTModifiedTime : 2023-01-05 22:09:31 -> 2023-01-05 22:09:23,File_Created / Basic_Info_Changed / Data_Added / Data_Overwritten / File_Closed,False,False,True,True,1.0,True,True,True,,,,,False,False,False,True,False,False,4,46,False,False,False,True
OneDriveSmallTile.contrast-black_scale-150.png,\Program Files\Microsoft OneDrive\LogoImages\OneDriveSmallTile.contrast-black_scale-150.png,6282935025.0,997534896.0,99.00939478181405,1/5/23 22:09,Time Reversal Event,ModifiedTime : 2023-01-05 22:09:31 -> 2023-01-05 22:09:23/ MFTModifiedTime : 2023-01-05 22:09:31 -> 2023-01-05 22:09:23,File_Created / Basic_Info_Changed / Data_Added / Data_Overwritten / File_Closed,False,False,True,True,1.0,True,True,True,,,,,False,False,False,True,False,False,4,46,False,False,False,True
OneDriveSmallTile.contrast-black_scale-200.png,\Program Files\Microsoft OneDrive\LogoImages\OneDriveSmallTile.contrast-black_scale-200.png,6282936426.0,997536048.0,99.00939478181405,1/5/23 22:09,Time Reversal Event,ModifiedTime : 2023-01-05 22:09:31 -> 2023-01-05 22:09:23/ MFTModifiedTime : 2023-01-05 22:09:31 -> 2023-01-05 22:09:23,File_Created / Basic_Info_Changed / Data_Added / Data_Overwritten / File_Closed,False,False,True,True,1.0,True,True,True,,,,,False,False,False,True,False,False,4,46,False,False,False,True
OneDriveSmallTile.contrast-black_scale-400.png,\Program Files\Microsoft OneDrive\LogoImages\OneDriveSmallTile.contrast-black_scale-400.png,6282937689.0,997537112.0,99.00939478181405,1/5/23 22:09,Time Reversal Event,ModifiedTime : 2023-01-05 22:09:31 -> 2023-01-05 22:09:23/ MFTModifiedTime : 2023-01-05 22:09:31 -> 2023-01-05 22:09:23,File_Created / Basic_Info_Changed / Data_Added / Data_Overwritten / File_Closed,False,False,True,True,1.0,True,True,True,,,,,False,False,False,True,False,False,4,46,False,False,False,True
OneDriveSmallTile.contrast-white_scale-100.png,\Program Files\Microsoft OneDrive\LogoImages\OneDriveSmallTile.contrast-white_scale-100.png,6282938899.0,997538176.0,99.00939478181405,1/5/23 22:09,Time Reversal Event,ModifiedTime : 2023-01-05 22:09:31 -> 2023-01-05 22:09:23/ MFTModifiedTime : 2023-01-05 22:09:31 -> 2023-01-05 22:09:23,File_Created / Basic_Info_Changed / Data_Added / Data_Overwritten / File_Closed,False,False,True,True,1.0,True,True,True,,,,,False,False,False,True,False,False,4,46,False,False,False,True
OneDriveSmallTile.contrast-white_scale-125.png,\Program Files\Microsoft OneDrive\LogoImages\OneDriveSmallTile.contrast-white_scale-125.png,6282940112.0,997539240.0,99.00939478181405,1/5/23 22:09,Time Reversal Event,ModifiedTime : 2023-01-05 22:09:31 -> 2023-01-05 22:09:23/ MFTModifiedTime : 2023-01-05 22:09:31 -> 2023-01-05 22:09:23,File_Created / Basic_Info_Changed / Data_Added / Data_Overwritten / File_Closed,False,False,True,True,1.0,True,True,True,,,,,False,False,False,True,False,False,4,46,False,False,False,True
OneDriveSmallTile.contrast-white_scale-150.png,\Program Files\Microsoft OneDrive\LogoImages\OneDriveSmallTile.contrast-white_scale-150.png,6282941355.0,997540448.0,99.00939478181405,1/5/23 22:09,Time Reversal Event,ModifiedTime : 2023-01-05 22:09:31 -> 2023-01-05 22:09:23/ MFTModifiedTime : 2023-01-05 22:09:31 -> 2023-01-05 22:09:23,File_Created / Basic_Info_Changed / Data_Added / Data_Overwritten / File_Closed,False,False,True,True,1.0,True,True,True,,,,,False,False,False,True,False,False,4,46,False,False,False,True
OneDriveSmallTile.contrast-white_scale-200.png,\Program Files\Microsoft OneDrive\LogoImages\OneDriveSmallTile.contrast-white_scale-200.png,6282942587.0,997541512.0,99.00939478181405,1/5/23 22:09,Time Reversal Event,ModifiedTime : 2023-01-05 22:09:31 -> 2023-01-05 22:09:23/ MFTModifiedTime : 2023-01-05 22:09:31 -> 2023-01-05 22:09:23,File_Created / Basic_Info_Changed / Data_Added / Data_Overwritten / File_Closed,False,False,True,True,1.0,True,True,True,,,,,False,False,False,True,False,False,4,46,False,False,False,True
OneDriveSmallTile.contrast-white_scale-400.png,\Program Files\Microsoft OneDrive\LogoImages\OneDriveSmallTile.contrast-white_scale-400.png,6282944333.0,997542912.0,99.00939478181405,1/5/23 22:09,Time Reversal Event,ModifiedTime : 2023-01-05 22:09:31 -> 2023-01-05 22:09:23/ MFTModifiedTime : 2023-01-05 22:09:31 -> 2023-01-05 22:09:23,File_Created / Basic_Info_Changed / Data_Added / Data_Overwritten / File_Closed,False,False,True,True,1.0,True,True,True,,,,,False,False,False,True,False,False,4,46,False,False,False,True
OneDriveSmallTile.scale-100.png,\Program Files\Microsoft OneDrive\LogoImages\OneDriveSmallTile.scale-100.png,6282945506.0,997543936.0,99.3637207707689,1/5/23 22:09,Time Reversal Event,ModifiedTime : 2023-01-05 22:09:31 -> 2023-01-05 22:09:23/ MFTModifiedTime : 2023-01-05 22:09:31 -> 2023-01-05 22:09:23,File_Created / Basic_Info_Changed / Data_Added / Data_Overwritten / File_Closed,False,False,True,True,1.0,True,True,True,,,,,False,False,False,True,False,False,4,31,False,False,False,True
OneDriveSmallTile.scale-125.png,\Program Files\Microsoft OneDrive\LogoImages\OneDriveSmallTile.scale-125.png,6282947637.0,997544832.0,99.3637207707689,1/5/23 22:09,Time Reversal Event,ModifiedTime : 2023-01-05 22:09:31 -> 2023-01-05 22:09:23/ MFTModifiedTime : 2023-01-05 22:09:31 -> 2023-01-05 22:09:23,File_Created / Basic_Info_Changed / Data_Added / Data_Overwritten / File_Closed,False,False,True,True,1.0,True,True,True,,,,,False,False,False,True,False,False,4,31,False,False,False,True
OneDriveSmallTile.scale-150.png,\Program Files\Microsoft OneDrive\LogoImages\OneDriveSmallTile.scale-150.png,6282949448.0,997546064.0,99.3637207707689,1/5/23 22:09,Time Reversal Event,ModifiedTime : 2023-01-05 22:09:31 -> 2023-01-05 22:09:23/ MFTModifiedTime : 2023-01-05 22:09:31 -> 2023-01-05 22:09:23,File_Created / Basic_Info_Changed / Data_Added / Data_Overwritten / File_Closed,False,False,True,True,1.0,True,True,True,,,,,False,False,False,True,False,False,4,31,False,False,False,True
OneDriveSmallTile.scale-200.png,\Program Files\Microsoft OneDrive\LogoImages\OneDriveSmallTile.scale-200.png,6282950635.0,997546960.0,99.3637207707689,1/5/23 22:09,Time Reversal Event,ModifiedTime : 2023-01-05 22:09:31 -> 2023-01-05 22:09:23/ MFTModifiedTime : 2023-01-05 22:09:31 -> 2023-01-05 22:09:23,File_Created / Basic_Info_Changed / Data_Added / Data_Overwritten / File_Closed,False,False,True,True,1.0,True,True,True,,,,,False,False,False,True,False,False,4,31,False,False,False,True
OneDriveSmallTile.scale-400.png,\Program Files\Microsoft OneDrive\LogoImages\OneDriveSmallTile.scale-400.png,6282952330.0,997548288.0,99.3637207707689,1/5/23 22:09,Time Reversal Event,ModifiedTime : 2023-01-05 22:09:31 -> 2023-01-05 22:09:23/ MFTModifiedTime : 2023-01-05 22:09:31 -> 2023-01-05 22:09:23,File_Created / Basic_Info_Changed / Data_Added / Data_Overwritten / File_Closed,False,False,True,True,1.0,True,True,True,,,,,False,False,False,True,False,False,4,31,False,False,False,True
OneDriveStandaloneUpdater.exe,\Program Files\Microsoft OneDrive\OneDriveStandaloneUpdater.exe,6282971717.0,997559304.0,99.77882219870285,1/5/23 22:09,Time Reversal Event,ModifiedTime : 2023-01-05 22:09:31 -> 2023-01-05 22:09:21/ MFTModifiedTime : 2023-01-05 22:09:31 -> 2023-01-05 22:09:21,Basic_Info_Changed / Named_Data_Stream_Added / Reparse_Point_Changed / Named_Stream_Changed / File_Closed,False,False,True,True,1.0,True,True,True,,,,,False,False,False,True,False,False,3,29,True,False,False,False
Resources.pri,\Program Files\Microsoft OneDrive\Resources.pri,6282957069.0,997551528.0,99.32853962620511,1/5/23 22:09,Time Reversal Event,ModifiedTime : 2023-01-05 22:09:31 -> 2023-01-05 22:09:23/ MFTModifiedTime : 2023-01-05 22:09:31 -> 2023-01-05 22:09:23,Basic_Info_Changed / Named_Data_Stream_Added / Reparse_Point_Changed / Named_Stream_Changed / File_Closed,False,False,True,True,1.0,True,True,True,,,,,False,False,False,True,False,False,3,13,False,False,False,False
{B6754C65-E3B6-493B-91B6-788176308AAE}_OneDriveStandaloneUpdater.exe,\Program Files\Microsoft OneDrive\22.238.1114.0002\{B6754C65-E3B6-493B-91B6-788176308AAE}_OneDriveStandaloneUpdater.exe,6282964317.0,997557824.0,98.21127549753925,1/5/23 22:09,Time Reversal Event,ModifiedTime : 2023-01-05 22:09:31 -> 2022-12-18 22:46:42/ MFTModifiedTime : 2023-01-05 22:09:31 -> 2022-12-18 22:46:52,Basic_Info_Changed / Named_Data_Stream_Added / Reparse_Point_Changed / Named_Stream_Changed / File_Closed,False,False,True,True,1.0,True,True,True,,,,,False,False,False,True,False,False,4,68,True,False,False,False
{B9C5087F-D8B8-4FC4-B0C2-FA0C419A05E0}_OneDrive.exe,\Program Files\Microsoft OneDrive\22.238.1114.0002\{B9C5087F-D8B8-4FC4-B0C2-FA0C419A05E0}_OneDrive.exe,6282894356.0,997512064.0,98.49575735642013,1/5/23 22:09,Time Reversal Event,ModifiedTime : 2023-01-05 22:09:31 -> 2022-12-18 22:46:42/ MFTModifiedTime : 2023-01-05 22:09:31 -> 2022-12-18 22:46:52,Basic_Info_Changed / Named_Data_Stream_Added / Reparse_Point_Changed / Named_Stream_Changed / File_Closed,False,False,True,True,1.0,True,True,True,,,,,False,False,False,True,False,False,4,51,True,False,False,False
