merge_key,lf_lsn,EventTime(UTC+8),lf_event,lf_detail,File/Directory Name,lf_full_path,lf_creation_time,lf_modified_time,lf_mft_modified_time,lf_accessed_time,Redo,Target VCN,Cluster Index,suspicious_lsn_usn_lf,usn_event_time,usn_usn,usn_filename,usn_full_path,usn_event_info,SourceInfo,FileAttribute,Carving Flag,usn_file_reference_number,usn_parent_file_reference_number,suspicious_lsn_usn_usn,suspicious_category,suspicious_detail,suspicious_source,lf_event_count,usn_event_count,has_logfile_evidence,has_usnjrnl_evidence,cross_artifact_validation_score,has_suspicious_label,filename,full_path,zero_in_nanoseconds_lf,zero_in_nanoseconds_suspicious,zero_in_nanoseconds_combined,is_flagged_suspicious,ground_truth_label,time_reversal_event,timestamp_changed_to_past,modified_creationtime,modified_modifiedtime,modified_mftmodifiedtime,modified_accessedtime,using_another_timestamp,basic_info_changed,update_resident_value,si_timestamp_changed,fn_timestamp_changed,zero_nano_time_reversal,zero_nano_basic_info,is_executable,is_archive,is_document,is_script,is_system_file,path_depth,filename_length,suspicious_location,has_file_extension,creation_equals_modified,timestamp_equality,zero_in_nanoseconds,creation_time_modified,modified_time_modified,accessed_time_modified,mft_time_modified,cross_artifact_detected,multiple_timestamps_changed,same_as_another_file,is_image,in_temp_directory,in_system_directory,in_program_files,has_timestamp_data,timestamp_source,prediction_proba,confidence_pct,is_flagged,confidence_bin,filter_decision,flagged,flagged_final
276a6c74b79740aff136d8eebb1c78e7a5be438c454847832e9426a7be4fa6c0,6280866245.0,,Time Reversal Event,CreationTime : 2023-01-05 22:09:04 -> 2023-01-04 22:34:14(Zero in 100-nanoseconds)/ ModifiedTime : 2023-01-05 22:09:04 -> 2023-01-04 21:53:04,276a6c74b79740aff136d8eebb1c78e7a5be438c454847832e9426a7be4fa6c0,\Users\blueangel\Desktop\Sample\276a6c74b79740aff136d8eebb1c78e7a5be438c454847832e9426a7be4fa6c0,,,,,Update Resident Value,0x4FC5,0.0,,1/5/23 22:09,996836480.0,276a6c74b79740aff136d8eebb1c78e7a5be438c454847832e9426a7be4fa6c0,\Users\blueangel\Desktop\Sample\276a6c74b79740aff136d8eebb1c78e7a5be438c454847832e9426a7be4fa6c0,File_Created / Basic_Info_Changed / Data_Added / File_Closed,Normal,Archive,,0x001E000000013F14,0x000500000001D95F,,,,,2,2,True,True,1.0,False,276a6c74b79740aff136d8eebb1c78e7a5be438c454847832e9426a7be4fa6c0,\Users\blueangel\Desktop\Sample\276a6c74b79740aff136d8eebb1c78e7a5be438c454847832e9426a7be4fa6c0,True,False,True,False,0,True,False,True,True,False,False,False,True,False,False,False,True,True,False,False,False,False,False,5,64,True,False,False,False,True,True,True,False,False,True,True,False,False,False,False,False,False,3,0.9922425653447614,99.22425653447614,True,90-100%,KEEP,True,True
appraiser.sdb,6281330555.0,1/5/23 22:09,Time Reversal Event,ModifiedTime : 2023-01-05 22:09:19 -> 2022-12-14 14:18:08(Zero in 100-nanoseconds),appraiser.sdb,\Windows\appcompat\appraiser\AltData\appraiser.sdb,,,,,Update Resident Value,0x7942,4.0,,1/5/23 22:09,997008120.0,appraiser.sdb,\Windows\appcompat\appraiser\AltData\appraiser.sdb,File_Created / Basic_Info_Changed / Data_Added / File_Closed,Normal,Archive,,0x00D900000001E50A,0x00020000000000D9,,,,,4,4,True,True,1.0,False,appraiser.sdb,\Windows\appcompat\appraiser\AltData\appraiser.sdb,True,False,True,False,0,True,False,False,True,False,False,False,True,False,False,False,True,True,False,False,False,False,False,5,13,False,True,False,False,True,False,True,False,False,True,False,False,False,False,True,False,False,3,0.9984399303673442,99.84399303673442,True,90-100%,FILTER,True,False
appraiser_data.ini,6281331564.0,1/5/23 22:09,Time Reversal Event,ModifiedTime : 2023-01-05 22:09:20 -> 2022-12-14 13:03:50(Zero in 100-nanoseconds),Appraiser_Data.ini,\Windows\appcompat\appraiser\AltData\Appraiser_Data.ini,,,,,Update Resident Value,0x7942,0.0,,1/5/23 22:09,997008496.0,Appraiser_Data.ini,\Windows\appcompat\appraiser\AltData\Appraiser_Data.ini,File_Created / Basic_Info_Changed / Data_Added / File_Closed,Normal,Archive,,0x021900000001E508,0x00020000000000D9,,,,,4,4,True,True,1.0,False,Appraiser_Data.ini,\Windows\appcompat\appraiser\AltData\Appraiser_Data.ini,True,False,True,False,0,True,False,False,True,False,False,False,True,False,False,False,True,True,False,False,False,False,False,5,18,False,True,False,False,True,False,True,False,False,True,False,False,False,False,True,False,False,3,0.9972101059415133,99.72101059415132,True,90-100%,FILTER,True,False
appraiser_data.ini.bak,6281332842.0,1/5/23 22:09,Time Reversal Event,ModifiedTime : 2023-01-05 22:09:20 -> 2022-11-03 13:26:00(Zero in 100-nanoseconds),Appraiser_Data.ini.bak,\Windows\appcompat\appraiser\AltData\Appraiser_Data.ini.bak,,,,,Update Resident Value,0x7942,2.0,,1/5/23 22:09,997008904.0,Appraiser_Data.ini.bak,\Windows\appcompat\appraiser\AltData\Appraiser_Data.ini.bak,File_Created / Basic_Info_Changed / Data_Added / File_Closed,Normal,Archive,,0x006E00000001E509,0x00020000000000D9,,,,,4,4,True,True,1.0,False,Appraiser_Data.ini.bak,\Windows\appcompat\appraiser\AltData\Appraiser_Data.ini.bak,True,False,True,False,0,True,False,False,True,False,False,False,True,False,False,False,True,True,False,False,False,False,False,5,22,False,True,False,False,True,False,True,False,False,True,False,False,False,False,True,False,False,3,0.9971338439055341,99.7133843905534,True,90-100%,KEEP,True,True
appraiser_telemetryrunlist.xml,6281333917.0,1/5/23 22:09,Time Reversal Event,ModifiedTime : 2023-01-05 22:09:20 -> 2022-10-31 11:56:10(Zero in 100-nanoseconds),Appraiser_TelemetryRunList.xml,\Windows\appcompat\appraiser\AltData\Appraiser_TelemetryRunList.xml,,,,,Update Resident Value,0x7945,0.0,,1/5/23 22:09,997009368.0,Appraiser_TelemetryRunList.xml,\Windows\appcompat\appraiser\AltData\Appraiser_TelemetryRunList.xml,File_Created / Basic_Info_Changed / Data_Added / File_Closed,Normal,Archive,,0x005A00000001E514,0x00020000000000D9,,,,,4,4,True,True,1.0,False,Appraiser_TelemetryRunList.xml,\Windows\appcompat\appraiser\AltData\Appraiser_TelemetryRunList.xml,True,False,True,False,0,True,False,False,True,False,False,False,True,False,False,False,True,True,False,False,False,False,False,5,30,False,True,False,False,True,False,True,False,False,True,False,False,False,False,True,False,False,3,0.9981931806676446,99.81931806676447,True,90-100%,FILTER,True,False
asw35130d1c2be86e0b.tmp,6280373185.0,1/4/23 22:00,Time Reversal Event,ModifiedTime : 2023-01-04 22:00:43 -> 2022-12-20 22:00:20/ MFTModifiedTime : 2023-01-04 22:00:43 -> 2022-12-20 22:00:26,asw35130d1c2be86e0b.tmp,\Windows\Temp\asw35130d1c2be86e0b.tmp,,,,,Update Resident Value,0xA7,4.0,,1/4/23 22:00,996703312.0,asw35130d1c2be86e0b.tmp,\Windows\Temp\asw35130d1c2be86e0b.tmp,Basic_Info_Changed / File_Closed,Normal,Normal,,0x01E200000000029E,0x0001000000001623,,,,,4,4,True,True,1.0,False,asw35130d1c2be86e0b.tmp,\Windows\Temp\asw35130d1c2be86e0b.tmp,False,False,False,False,0,True,False,False,True,True,False,False,True,False,False,False,False,False,False,False,False,False,False,3,23,True,True,False,False,False,False,True,False,True,True,False,False,False,True,True,False,False,3,0.9976354554294842,99.76354554294842,True,90-100%,KEEP,True,True
asw6a432a45eda3f7ef.tmp,6280377580.0,1/4/23 22:00,Time Reversal Event,ModifiedTime : 2023-01-04 22:00:43 -> 2022-12-20 22:00:20/ MFTModifiedTime : 2023-01-04 22:00:43 -> 2022-12-20 22:00:26,asw6a432a45eda3f7ef.tmp,\Windows\Temp\asw6a432a45eda3f7ef.tmp,,,,,Update Resident Value,0xA7,4.0,,1/4/23 22:00,996705264.0,asw6a432a45eda3f7ef.tmp,\Windows\Temp\asw6a432a45eda3f7ef.tmp,Basic_Info_Changed / File_Closed,Normal,Normal,,0x01E400000000029E,0x0001000000001623,,,,,4,4,True,True,1.0,False,asw6a432a45eda3f7ef.tmp,\Windows\Temp\asw6a432a45eda3f7ef.tmp,False,False,False,False,0,True,False,False,True,True,False,False,True,False,False,False,False,False,False,False,False,False,False,3,23,True,True,False,False,False,False,True,False,True,True,False,False,False,True,True,False,False,3,0.9976354554294842,99.76354554294842,True,90-100%,KEEP,True,True
aswd9520500a967ece8.tmp,6280378918.0,1/4/23 22:00,Time Reversal Event,ModifiedTime : 2023-01-04 22:00:43 -> 2022-12-20 22:00:20/ MFTModifiedTime : 2023-01-04 22:00:43 -> 2022-12-20 22:00:20,aswd9520500a967ece8.tmp,\Windows\Temp\aswd9520500a967ece8.tmp,,,,,Update Resident Value,0xA7,4.0,,1/4/23 22:00,996706160.0,aswd9520500a967ece8.tmp,\Windows\Temp\aswd9520500a967ece8.tmp,Basic_Info_Changed / File_Closed,Normal,Normal,,0x01E500000000029E,0x0001000000001623,,,,,4,4,True,True,1.0,False,aswd9520500a967ece8.tmp,\Windows\Temp\aswd9520500a967ece8.tmp,False,False,False,False,0,True,False,False,True,True,False,False,True,False,False,False,False,False,False,False,False,False,False,3,23,True,True,False,False,False,False,True,False,True,True,False,False,False,True,True,False,False,3,0.9976354554294842,99.76354554294842,True,90-100%,KEEP,True,True
aswe89ffd4b1c9391f3.tmp,6280375036.0,1/4/23 22:00,Time Reversal Event,ModifiedTime : 2023-01-04 22:00:43 -> 2022-12-20 22:00:20/ MFTModifiedTime : 2023-01-04 22:00:43 -> 2022-12-20 22:00:20,aswe89ffd4b1c9391f3.tmp,\Windows\Temp\aswe89ffd4b1c9391f3.tmp,,,,,Update Resident Value,0xA7,4.0,,1/4/23 22:00,996704256.0,aswe89ffd4b1c9391f3.tmp,\Windows\Temp\aswe89ffd4b1c9391f3.tmp,Basic_Info_Changed / File_Closed,Normal,Normal,,0x01E300000000029E,0x0001000000001623,,,,,4,4,True,True,1.0,False,aswe89ffd4b1c9391f3.tmp,\Windows\Temp\aswe89ffd4b1c9391f3.tmp,False,False,False,False,0,True,False,False,True,True,False,False,True,False,False,False,False,False,False,False,False,False,False,3,23,True,True,False,False,False,False,True,False,True,True,False,False,False,True,True,False,False,3,0.9976354554294842,99.76354554294842,True,90-100%,KEEP,True,True
bit2086.tmp,6280691166.0,1/5/23 22:08,Time Reversal Event & Changing FileAttribute,CreationTime : 2023-01-05 22:08:57 -> 2023-01-05 22:00:26(Zero in 100-nanoseconds)/ ModifiedTime : 2023-01-05 22:08:58 -> 2023-01-05 22:00:26(Zero in 100-nanoseconds)/ MFTModifiedTime : 2023-01-05 22:08:58 -> 2023-01-05 22:00:26(Zero in 100-nanoseconds)/ AccessedTime : 2023-01-05 22:08:58 -> 2023-01-05 22:00:26(Zero in 100-nanoseconds) & Hidden/ Archive -> Hidden,BIT2086.tmp,\Users\blueangel\AppData\Local\Temp\BIT2086.tmp,,,,,Update Resident Value,0x6AC9,0.0,,1/5/23 22:08,996793440.0,BIT2086.tmp,\Users\blueangel\AppData\Local\Temp\BIT2086.tmp,Basic_Info_Changed / File_Closed,Normal,Normal,,0x000600000001AB24,0x000100000001A2E5,,,,,4,4,True,True,1.0,False,BIT2086.tmp,\Users\blueangel\AppData\Local\Temp\BIT2086.tmp,True,False,True,False,0,True,False,True,True,True,True,False,True,False,False,False,True,True,False,False,False,False,False,6,11,True,True,False,False,True,True,True,True,True,True,True,False,False,True,False,False,False,3,0.9976288903371022,99.76288903371022,True,90-100%,KEEP,True,True
bit20a6.tmp,6280685606.0,1/5/23 22:08,Time Reversal Event & Changing FileAttribute,CreationTime : 2023-01-05 22:08:57 -> 2023-01-05 08:41:13(Zero in 100-nanoseconds)(same as wctB227.tmp)/ ModifiedTime : 2023-01-05 22:08:58 -> 2023-01-05 08:41:13(Zero in 100-nanoseconds)(same as wctB227.tmp)/ MFTModifiedTime : 2023-01-05 22:08:58 -> 2023-01-05 08:41:13(Zero in 100-nanoseconds)/ AccessedTime : 2023-01-05 22:08:58 -> 2023-01-05 08:41:13(Zero in 100-nanoseconds)(same as wctB227.tmp) & Hidden/ Archive -> Hidden,BIT20A6.tmp,\Users\blueangel\AppData\Local\Temp\BIT20A6.tmp,,,,,Update Resident Value,0x6AC9,6.0,,1/5/23 22:08,996791096.0,BIT20A6.tmp,\Users\blueangel\AppData\Local\Temp\BIT20A6.tmp,Basic_Info_Changed / File_Closed,Normal,Normal,,0x000300000001AB27,0x000100000001A2E5,,,,,4,4,True,True,1.0,False,BIT20A6.tmp,\Users\blueangel\AppData\Local\Temp\BIT20A6.tmp,True,False,True,False,0,True,False,True,True,True,True,False,True,False,False,False,True,True,False,False,False,False,False,6,11,True,True,False,False,True,True,True,True,True,True,True,False,False,True,False,False,False,3,0.9976288903371022,99.76288903371022,True,90-100%,KEEP,True,True
bit2693.tmp,6280742138.0,1/5/23 22:08,Time Reversal Event & Changing FileAttribute,CreationTime : 2023-01-05 22:08:58 -> 2023-01-05 22:00:26(Zero in 100-nanoseconds)(same as wct5522.tmp)/ ModifiedTime : 2023-01-05 22:08:59 -> 2023-01-05 22:00:26(Zero in 100-nanoseconds)(same as wct5522.tmp)/ MFTModifiedTime : 2023-01-05 22:08:59 -> 2023-01-05 22:00:26(Zero in 100-nanoseconds)/ AccessedTime : 2023-01-05 22:08:59 -> 2023-01-05 22:00:26(Zero in 100-nanoseconds) & Hidden/ Archive -> Hidden,BIT2693.tmp,\Windows\Temp\BIT2693.tmp,,,,,Update Resident Value,0x6ACD,2.0,,1/5/23 22:09,996808304.0,BIT2693.tmp,\Windows\Temp\BIT2693.tmp,Basic_Info_Changed / File_Closed,Normal,Normal,,0x000300000001AB35,0x0001000000001623,,,,,4,4,True,True,1.0,False,BIT2693.tmp,\Windows\Temp\BIT2693.tmp,True,False,True,False,0,True,False,True,True,True,True,False,True,False,False,False,True,True,False,False,False,False,False,3,11,True,True,False,False,True,True,True,True,True,True,True,False,False,True,True,False,False,3,0.9960955014368511,99.60955014368511,True,90-100%,KEEP,True,True
bit2e15.tmp,6280765733.0,1/5/23 22:09,Time Reversal Event & Changing FileAttribute,CreationTime : 2023-01-05 22:09:00 -> 2023-01-05 08:41:13(Zero in 100-nanoseconds)/ ModifiedTime : 2023-01-05 22:09:01 -> 2023-01-05 08:41:13(Zero in 100-nanoseconds)/ MFTModifiedTime : 2023-01-05 22:09:01 -> 2023-01-05 08:41:13(Zero in 100-nanoseconds)/ AccessedTime : 2023-01-05 22:09:01 -> 2023-01-05 08:41:13(Zero in 100-nanoseconds) & Hidden/ Archive -> Hidden,BIT2E15.tmp,\Windows\Temp\BIT2E15.tmp,,,,,Update Resident Value,0x6ACE,2.0,,1/5/23 22:09,996812632.0,BIT2E15.tmp,\Windows\Temp\BIT2E15.tmp,Basic_Info_Changed / File_Closed,Normal,Normal,,0x000300000001AB39,0x0001000000001623,,,,,4,4,True,True,1.0,False,BIT2E15.tmp,\Windows\Temp\BIT2E15.tmp,True,False,True,False,0,True,False,True,True,True,True,False,True,False,False,False,True,True,False,False,False,False,False,3,11,True,True,False,False,True,True,True,True,True,True,True,False,False,True,True,False,False,3,0.9960955014368511,99.60955014368511,True,90-100%,KEEP,True,True
bit2f5f.tmp,6280899609.0,,Time Reversal Event & Changing FileAttribute,CreationTime : 2023-01-05 22:09:01 -> 2023-01-05 08:39:20(Zero in 100-nanoseconds)/ ModifiedTime : 2023-01-05 22:09:01 -> 2023-01-05 08:39:20(Zero in 100-nanoseconds)/ MFTModifiedTime : 2023-01-05 22:09:01 -> 2023-01-05 08:39:20(Zero in 100-nanoseconds)/ AccessedTime : 2023-01-05 22:09:01 -> 2023-01-05 08:39:20(Zero in 100-nanoseconds) & Hidden/ Archive -> Hidden,BIT2F5F.tmp,\Windows\Temp\BIT2F5F.tmp,,,,,Update Resident Value,0x6ACE,6.0,,1/5/23 22:09,996840408.0,BIT2F5F.tmp,\Windows\Temp\BIT2F5F.tmp,Basic_Info_Changed / File_Closed,Normal,Normal,,0x000300000001AB3B,0x0001000000001623,,,,,4,4,True,True,1.0,False,BIT2F5F.tmp,\Windows\Temp\BIT2F5F.tmp,True,False,True,False,0,True,False,True,True,True,True,False,True,False,False,False,True,True,False,False,False,False,False,3,11,True,True,False,False,True,True,True,True,True,True,True,False,False,True,True,False,False,3,0.9960955014368511,99.60955014368511,True,90-100%,KEEP,True,True
bit5537.tmp,6280968867.0,1/5/23 22:09,Time Reversal Event & Changing FileAttribute,CreationTime : 2023-01-05 22:09:10 -> 2023-01-05 22:00:26(Zero in 100-nanoseconds)(same as wct2681.tmp)/ ModifiedTime : 2023-01-05 22:09:11 -> 2023-01-05 22:00:26(Zero in 100-nanoseconds)(same as wct2681.tmp)/ MFTModifiedTime : 2023-01-05 22:09:11 -> 2023-01-05 22:00:26(Zero in 100-nanoseconds)/ AccessedTime : 2023-01-05 22:09:11 -> 2023-01-05 22:00:26(Zero in 100-nanoseconds) & Hidden/ Archive -> Hidden,BIT5537.tmp,\Windows\Temp\BIT5537.tmp,,,,,Update Resident Value,0x6AD1,6.0,,1/5/23 22:09,996851888.0,BIT5537.tmp,\Windows\Temp\BIT5537.tmp,Basic_Info_Changed / File_Closed,Normal,Normal,,0x000300000001AB47,0x0001000000001623,,,,,4,4,True,True,1.0,False,BIT5537.tmp,\Windows\Temp\BIT5537.tmp,True,False,True,False,0,True,False,True,True,True,True,False,True,False,False,False,True,True,False,False,False,False,False,3,11,True,True,False,False,True,True,True,True,True,True,True,False,False,True,True,False,False,3,0.9960955014368511,99.60955014368511,True,90-100%,KEEP,True,True
bit6cf6.tmp,6281156754.0,1/5/23 22:09,Time Reversal Event & Changing FileAttribute,CreationTime : 2023-01-05 22:09:16 -> 2023-01-05 22:05:52(Zero in 100-nanoseconds)/ ModifiedTime : 2023-01-05 22:09:17 -> 2023-01-05 22:05:52(Zero in 100-nanoseconds)/ MFTModifiedTime : 2023-01-05 22:09:17 -> 2023-01-05 22:05:52(Zero in 100-nanoseconds)/ AccessedTime : 2023-01-05 22:09:17 -> 2023-01-05 22:05:52(Zero in 100-nanoseconds) & Hidden/ Archive -> Hidden,BIT6CF6.tmp,\Users\blueangel\AppData\Local\Temp\BIT6CF6.tmp,,,,,Update Resident Value,0x727F,0.0,,1/5/23 22:09,996932344.0,BIT6CF6.tmp,\Users\blueangel\AppData\Local\Temp\BIT6CF6.tmp,Basic_Info_Changed / File_Closed,Normal,Normal,,0x018F00000001C9FC,0x000100000001A2E5,,,,,4,4,True,True,1.0,False,BIT6CF6.tmp,\Users\blueangel\AppData\Local\Temp\BIT6CF6.tmp,True,False,True,False,0,True,False,True,True,True,True,False,True,False,False,False,True,True,False,False,False,False,False,6,11,True,True,False,False,True,True,True,True,True,True,True,False,False,True,False,False,False,3,0.9976288903371022,99.76288903371022,True,90-100%,KEEP,True,True
bit6f87.tmp,6281246246.0,1/5/23 22:09,Time Reversal Event & Changing FileAttribute,CreationTime : 2023-01-05 22:09:17 -> 2023-01-05 22:05:52(Zero in 100-nanoseconds)(same as wctCBC9.tmp)/ ModifiedTime : 2023-01-05 22:09:18 -> 2023-01-05 22:05:52(Zero in 100-nanoseconds)(same as wctCBC9.tmp)/ MFTModifiedTime : 2023-01-05 22:09:18 -> 2023-01-05 22:05:52(Zero in 100-nanoseconds)/ AccessedTime : 2023-01-05 22:09:18 -> 2023-01-05 22:05:52(Zero in 100-nanoseconds) & Hidden/ Archive -> Hidden,BIT6F87.tmp,\Windows\Temp\BIT6F87.tmp,,,,,Update Resident Value,0x7619,0.0,,1/5/23 22:09,996974992.0,BIT6F87.tmp,\Windows\Temp\BIT6F87.tmp,Basic_Info_Changed / File_Closed,Normal,Normal,,0x000700000001D864,0x0001000000001623,,,,,4,4,True,True,1.0,False,BIT6F87.tmp,\Windows\Temp\BIT6F87.tmp,True,False,True,False,0,True,False,True,True,True,True,False,True,False,False,False,True,True,False,False,False,False,False,3,11,True,True,False,False,True,True,True,True,True,True,True,False,False,True,True,False,False,3,0.9960955014368511,99.60955014368511,True,90-100%,KEEP,True,True
bit795c.tmp,6281334926.0,1/5/23 22:09,Time Reversal Event,CreationTime : 2023-01-05 22:09:20 -> 2022-12-17 23:35:25(Zero in 100-nanoseconds)/ ModifiedTime : 2023-01-05 22:09:20 -> 2022-12-17 23:35:25(Zero in 100-nanoseconds)/ MFTModifiedTime : 2023-01-05 22:09:20 -> 2022-12-17 23:35:25(Zero in 100-nanoseconds)/ AccessedTime : 2023-01-05 22:09:20 -> 2022-12-17 23:35:25(Zero in 100-nanoseconds),BIT795C.tmp,\Windows\Temp\BIT795C.tmp,,,,,Update Resident Value,0x727F,2.0,,1/5/23 22:09,997010184.0,BIT795C.tmp,\Windows\Temp\BIT795C.tmp,Basic_Info_Changed / File_Closed,Normal,Normal,,0x02D400000001C9FD,0x0001000000001623,,,,,4,4,True,True,1.0,False,BIT795C.tmp,\Windows\Temp\BIT795C.tmp,True,False,True,False,0,True,False,True,True,True,True,False,True,False,False,False,True,True,False,False,False,False,False,3,11,True,True,False,False,True,True,True,True,True,True,True,False,False,True,True,False,False,3,0.9960955014368511,99.60955014368511,True,90-100%,KEEP,True,True
bitb232.tmp,6291783973.0,,Time Reversal Event & Changing FileAttribute,CreationTime : 2023-01-05 22:09:34 -> 2023-01-05 08:41:13(Zero in 100-nanoseconds)(same as wct206E.tmp)/ ModifiedTime : 2023-01-05 22:09:35 -> 2023-01-05 08:41:13(Zero in 100-nanoseconds)(same as wct206E.tmp)/ MFTModifiedTime : 2023-01-05 22:09:35 -> 2023-01-05 08:41:13(Zero in 100-nanoseconds)/ AccessedTime : 2023-01-05 22:09:35 -> 2023-01-05 08:41:13(Zero in 100-nanoseconds) & Hidden/ Archive -> Hidden,BITB232.tmp,\Users\blueangel\AppData\Local\Temp\BITB232.tmp,,,,,Update Resident Value,0x168BB,4.0,,1/5/23 22:09,997768600.0,BITB232.tmp,\Users\blueangel\AppData\Local\Temp\BITB232.tmp,Basic_Info_Changed / File_Closed,Normal,Normal,,0x000300000005A2EE,0x000100000001A2E5,,,,,4,4,True,True,1.0,False,BITB232.tmp,\Users\blueangel\AppData\Local\Temp\BITB232.tmp,True,False,True,False,0,True,False,True,True,True,True,False,True,False,False,False,True,True,False,False,False,False,False,6,11,True,True,False,False,True,True,True,True,True,True,True,False,False,True,False,False,False,3,0.9976288903371022,99.76288903371022,True,90-100%,KEEP,True,True
bitcbd5.tmp,6292125927.0,1/5/23 22:09,Time Reversal Event & Changing FileAttribute,CreationTime : 2023-01-05 22:09:41 -> 2023-01-05 22:05:52(Zero in 100-nanoseconds)(same as wct6F61.tmp)/ ModifiedTime : 2023-01-05 22:09:42 -> 2023-01-05 22:05:52(Zero in 100-nanoseconds)(same as wct6F61.tmp)/ MFTModifiedTime : 2023-01-05 22:09:42 -> 2023-01-05 22:05:52(Zero in 100-nanoseconds)/ AccessedTime : 2023-01-05 22:09:42 -> 2023-01-05 22:05:52(Zero in 100-nanoseconds) & Hidden/ Archive -> Hidden,BITCBD5.tmp,\Windows\Temp\BITCBD5.tmp,,,,,Update Resident Value,0x1EC5,0.0,,1/5/23 22:09,997880496.0,BITCBD5.tmp,\Windows\Temp\BITCBD5.tmp,Basic_Info_Changed / File_Closed,Normal,Normal,,0x000F000000007B14,0x0001000000001623,,,,,4,4,True,True,1.0,False,BITCBD5.tmp,\Windows\Temp\BITCBD5.tmp,True,False,True,False,0,True,False,True,True,True,True,False,True,False,False,False,True,True,False,False,False,False,False,3,11,True,True,False,False,True,True,True,True,True,True,True,False,False,True,True,False,False,3,0.9960955014368511,99.60955014368511,True,90-100%,KEEP,True,True
boof.dll,6281030353.0,1/5/23 22:09,Time Reversal Event,CreationTime : 2023-01-05 22:09:14 -> 2019-12-07 17:03:44(Zero in 100-nanoseconds)(same as boof.exe/ boof.sys)/ ModifiedTime : 2023-01-05 22:09:14 -> 2019-12-07 17:03:44(Zero in 100-nanoseconds)(same as boof.exe/ boof.sys)/ AccessedTime : 2023-01-05 22:09:14 -> 2019-12-07 17:03:44(Zero in 100-nanoseconds)(same as boof.sys),boof.dll,\Windows\SysWOW64\boof.dll,,,,,Update Resident Value,0x6AD4,0.0,6281030353.0,1/5/23 22:09,996866824.0,boof.dll,\Windows\SysWOW64\boof.dll,Basic_Info_Changed / File_Closed,Normal,Archive,,0x000300000001AB50,0x00010000000014A8,996866824.0,Timestamp Manipulation,"[Suspicious] $SI timestamp of boof.dll"" is changed to the past. (Zero in changed timestamp's 100-nanoseconds) => CreationTime : 2023-01-05 22:09:14 -> 2019-12-07 17:03:44(Zero in 100-nanoseconds)(same as boof.exe, boof.sys), ModifiedTime : 2023-01-05 22:09:14 -> 2019-12-07 17:03:44(Zero in 100-nanoseconds)(same as boof.exe, boof.sys), AccessedTime : 2023-01-05 22:09:14 -> 2019-12-07 17:03:44(Zero in 100-nanoseconds)(same as boof.sys)""",logfile,2,2,True,True,1.0,True,boof.dll,\Windows\SysWOW64\boof.dll,True,True,True,True,1,True,False,True,True,False,True,False,True,False,False,False,True,True,True,False,False,False,True,3,8,False,True,False,False,True,True,True,True,False,True,True,False,False,False,True,False,False,3,0.9998971342334488,99.98971342334488,True,90-100%,KEEP,True,True
boof.exe,6281031128.0,1/5/23 22:09,Time Reversal Event,CreationTime : 2023-01-05 22:09:14 -> 2019-12-07 17:03:44(Zero in 100-nanoseconds)(same as boof.dll/ boof.sys)/ ModifiedTime : 2023-01-05 22:09:14 -> 2019-12-07 17:03:44(Zero in 100-nanoseconds)(same as boof.dll/ boof.sys)/ AccessedTime : 2023-01-05 22:09:14 -> 2019-12-07 17:03:44(Zero in 100-nanoseconds)(same as boof.dll/ boof.sys),boof.exe,\Windows\SysWOW64\boof.exe,,,,,Update Resident Value,0x6AD4,2.0,6281031128.0,1/5/23 22:09,996867224.0,boof.exe,\Windows\SysWOW64\boof.exe,Basic_Info_Changed / File_Closed,Normal,Archive,,0x000300000001AB51,0x00010000000014A8,996867224.0,Timestamp Manipulation,"[Suspicious] $SI timestamp of boof.exe"" is changed to the past. (Zero in changed timestamp's 100-nanoseconds) => CreationTime : 2023-01-05 22:09:14 -> 2019-12-07 17:03:44(Zero in 100-nanoseconds)(same as boof.dll, boof.sys), ModifiedTime : 2023-01-05 22:09:14 -> 2019-12-07 17:03:44(Zero in 100-nanoseconds)(same as boof.dll, boof.sys), AccessedTime : 2023-01-05 22:09:14 -> 2019-12-07 17:03:44(Zero in 100-nanoseconds)(same as boof.dll, boof.sys)""",logfile,2,2,True,True,1.0,True,boof.exe,\Windows\SysWOW64\boof.exe,True,True,True,True,1,True,False,True,True,False,True,False,True,False,False,False,True,True,True,False,False,False,False,3,8,False,True,False,False,True,True,True,True,False,True,True,False,False,False,True,False,False,3,0.9998971342334488,99.98971342334488,True,90-100%,KEEP,True,True
boof.sys,6281031900.0,,Time Reversal Event,CreationTime : 2023-01-05 22:09:14 -> 2019-12-07 17:03:44(Zero in 100-nanoseconds)(same as boof.dll/ boof.exe)/ ModifiedTime : 2023-01-05 22:09:14 -> 2019-12-07 17:03:44(Zero in 100-nanoseconds)(same as boof.dll/ boof.exe)/ AccessedTime : 2023-01-05 22:09:14 -> 2019-12-07 17:03:44(Zero in 100-nanoseconds)(same as boof.dll),boof.sys,\Windows\SysWOW64\boof.sys,,,,,Update Resident Value,0x6AD4,4.0,6281031900.0,1/5/23 22:09,996867624.0,boof.sys,\Windows\SysWOW64\boof.sys,Basic_Info_Changed / File_Closed,Normal,Archive,,0x000300000001AB52,0x00010000000014A8,996867624.0,Timestamp Manipulation,"[Suspicious] $SI timestamp of boof.sys"" is changed to the past. (Zero in changed timestamp's 100-nanoseconds) => CreationTime : 2023-01-05 22:09:14 -> 2019-12-07 17:03:44(Zero in 100-nanoseconds)(same as boof.dll, boof.exe), ModifiedTime : 2023-01-05 22:09:14 -> 2019-12-07 17:03:44(Zero in 100-nanoseconds)(same as boof.dll, boof.exe), AccessedTime : 2023-01-05 22:09:14 -> 2019-12-07 17:03:44(Zero in 100-nanoseconds)(same as boof.dll)""",logfile,2,2,True,True,1.0,True,boof.sys,\Windows\SysWOW64\boof.sys,True,True,True,True,1,True,False,True,True,False,True,False,True,False,False,False,True,True,True,False,False,False,True,3,8,False,True,False,False,True,True,True,True,False,True,True,False,False,False,True,False,False,3,0.9998971342334488,99.98971342334488,True,90-100%,KEEP,True,True
lsdb2.json.new,6291963097.0,1/5/23 22:09,Time Reversal Event,CreationTime : 2023-01-05 22:09:38 -> 2022-12-20 22:01:50(same as lsdb2.json),lsdb2.json.new,\ProgramData\Avast Software\Avast\lsdb2.json.new,,,,,Update Resident Value,0xC8,4.0,,1/5/23 22:09,997831104.0,lsdb2.json.new,\ProgramData\Avast Software\Avast\lsdb2.json.new,Basic_Info_Changed / File_Renamed_Old / Access_Right_Changed,Normal,Archive / Not_Content_Indexed,,0x0110000000000322,0x0007000000054D68,,,,,9,9,True,True,1.0,False,lsdb2.json.new,\ProgramData\Avast Software\Avast\lsdb2.json.new,False,False,False,False,0,True,False,True,False,False,False,False,True,False,False,False,False,False,False,False,False,False,False,4,14,True,True,False,False,False,True,False,False,False,True,False,False,False,False,False,False,False,3,0.9983961176815415,99.83961176815414,True,90-100%,KEEP,True,True
onedrive.exe,6282905221.0,,Time Reversal Event,ModifiedTime : 2023-01-05 22:09:31 -> 2023-01-05 22:09:21/ MFTModifiedTime : 2023-01-05 22:09:31 -> 2023-01-05 22:09:21,OneDrive.exe,\Program Files\Microsoft OneDrive\OneDrive.exe,,,,,Update Resident Value,0x16047,0.0,,1/5/23 22:09,997514232.0,OneDrive.exe,\Program Files\Microsoft OneDrive\OneDrive.exe,Basic_Info_Changed / Named_Data_Stream_Added / Reparse_Point_Changed / Named_Stream_Changed / File_Closed,Normal,Archive / Repasre_Point / Sparse,,0x011800000005811C,0x000400000001EB0C,,,,,6,6,True,True,1.0,False,OneDrive.exe,\Program Files\Microsoft OneDrive\OneDrive.exe,False,False,False,False,0,True,False,False,True,True,False,False,True,False,False,False,False,False,True,False,False,False,False,3,12,False,True,False,False,False,False,True,False,True,True,False,False,False,False,False,True,False,3,0.9981144802458934,99.81144802458934,True,90-100%,KEEP,True,True
onedrive.visualelementsmanifest.xml,6282961071.0,,Time Reversal Event,ModifiedTime : 2023-01-05 22:09:31 -> 2023-01-05 22:09:21/ MFTModifiedTime : 2023-01-05 22:09:31 -> 2023-01-05 22:09:21,OneDrive.VisualElementsManifest.xml,\Program Files\Microsoft OneDrive\OneDrive.VisualElementsManifest.xml,,,,,Update Resident Value,0x80B0,0.0,,1/5/23 22:09,997552400.0,OneDrive.VisualElementsManifest.xml,\Program Files\Microsoft OneDrive\OneDrive.VisualElementsManifest.xml,File_Created / Basic_Info_Changed / Data_Added / Data_Overwritten / File_Closed,Normal,Archive,,0x00030000000202C0,0x000400000001EB0C,,,,,2,2,True,True,1.0,False,OneDrive.VisualElementsManifest.xml,\Program Files\Microsoft OneDrive\OneDrive.VisualElementsManifest.xml,False,False,False,False,0,True,False,False,True,True,False,False,True,False,False,False,False,False,False,False,False,False,False,3,35,False,True,False,False,False,False,True,False,True,True,False,False,False,False,False,True,False,3,0.9966587469439219,99.66587469439219,True,90-100%,KEEP,True,True
onedrivemedtile.contrast-black_scale-100.png,6282910257.0,,Time Reversal Event,ModifiedTime : 2023-01-05 22:09:31 -> 2023-01-05 22:09:23/ MFTModifiedTime : 2023-01-05 22:09:31 -> 2023-01-05 22:09:23,OneDriveMedTile.contrast-black_scale-100.png,\Program Files\Microsoft OneDrive\LogoImages\OneDriveMedTile.contrast-black_scale-100.png,,,,,Update Resident Value,0x22B2,4.0,,1/5/23 22:09,997515720.0,OneDriveMedTile.contrast-black_scale-100.png,\Program Files\Microsoft OneDrive\LogoImages\OneDriveMedTile.contrast-black_scale-100.png,File_Created / Basic_Info_Changed / Data_Added / Data_Overwritten / File_Closed,Normal,Archive,,0x0014000000008ACA,0x00030000000200C4,,,,,2,2,True,True,1.0,False,OneDriveMedTile.contrast-black_scale-100.png,\Program Files\Microsoft OneDrive\LogoImages\OneDriveMedTile.contrast-black_scale-100.png,False,False,False,False,0,True,False,False,True,True,False,False,True,False,False,False,False,False,False,False,False,False,False,4,44,False,True,False,False,False,False,True,False,True,True,False,False,True,False,False,True,False,3,0.9900761744518758,99.00761744518758,True,90-100%,KEEP,True,True
onedrivemedtile.contrast-black_scale-125.png,6282912187.0,,Time Reversal Event,ModifiedTime : 2023-01-05 22:09:31 -> 2023-01-05 22:09:23/ MFTModifiedTime : 2023-01-05 22:09:31 -> 2023-01-05 22:09:23,OneDriveMedTile.contrast-black_scale-125.png,\Program Files\Microsoft OneDrive\LogoImages\OneDriveMedTile.contrast-black_scale-125.png,,,,,Update Resident Value,0x80A8,4.0,,1/5/23 22:09,997517120.0,OneDriveMedTile.contrast-black_scale-125.png,\Program Files\Microsoft OneDrive\LogoImages\OneDriveMedTile.contrast-black_scale-125.png,File_Created / Basic_Info_Changed / Data_Added / Data_Overwritten / File_Closed,Normal,Archive,,0x00030000000202A2,0x00030000000200C4,,,,,2,2,True,True,1.0,False,OneDriveMedTile.contrast-black_scale-125.png,\Program Files\Microsoft OneDrive\LogoImages\OneDriveMedTile.contrast-black_scale-125.png,False,False,False,False,0,True,False,False,True,True,False,False,True,False,False,False,False,False,False,False,False,False,False,4,44,False,True,False,False,False,False,True,False,True,True,False,False,True,False,False,True,False,3,0.9900761744518758,99.00761744518758,True,90-100%,KEEP,True,True
onedrivemedtile.contrast-black_scale-150.png,6282913452.0,,Time Reversal Event,ModifiedTime : 2023-01-05 22:09:31 -> 2023-01-05 22:09:23/ MFTModifiedTime : 2023-01-05 22:09:31 -> 2023-01-05 22:09:23,OneDriveMedTile.contrast-black_scale-150.png,\Program Files\Microsoft OneDrive\LogoImages\OneDriveMedTile.contrast-black_scale-150.png,,,,,Update Resident Value,0x80A8,6.0,,1/5/23 22:09,997518296.0,OneDriveMedTile.contrast-black_scale-150.png,\Program Files\Microsoft OneDrive\LogoImages\OneDriveMedTile.contrast-black_scale-150.png,File_Created / Basic_Info_Changed / Data_Added / Data_Overwritten / File_Closed,Normal,Archive,,0x00030000000202A3,0x00030000000200C4,,,,,2,2,True,True,1.0,False,OneDriveMedTile.contrast-black_scale-150.png,\Program Files\Microsoft OneDrive\LogoImages\OneDriveMedTile.contrast-black_scale-150.png,False,False,False,False,0,True,False,False,True,True,False,False,True,False,False,False,False,False,False,False,False,False,False,4,44,False,True,False,False,False,False,True,False,True,True,False,False,True,False,False,True,False,3,0.9900761744518758,99.00761744518758,True,90-100%,KEEP,True,True
onedrivemedtile.contrast-black_scale-200.png,6282915305.0,,Time Reversal Event,ModifiedTime : 2023-01-05 22:09:31 -> 2023-01-05 22:09:23/ MFTModifiedTime : 2023-01-05 22:09:31 -> 2023-01-05 22:09:23,OneDriveMedTile.contrast-black_scale-200.png,\Program Files\Microsoft OneDrive\LogoImages\OneDriveMedTile.contrast-black_scale-200.png,,,,,Update Resident Value,0x80A9,0.0,,1/5/23 22:09,997519664.0,OneDriveMedTile.contrast-black_scale-200.png,\Program Files\Microsoft OneDrive\LogoImages\OneDriveMedTile.contrast-black_scale-200.png,File_Created / Basic_Info_Changed / Data_Added / Data_Overwritten / File_Closed,Normal,Archive,,0x00030000000202A4,0x00030000000200C4,,,,,2,2,True,True,1.0,False,OneDriveMedTile.contrast-black_scale-200.png,\Program Files\Microsoft OneDrive\LogoImages\OneDriveMedTile.contrast-black_scale-200.png,False,False,False,False,0,True,False,False,True,True,False,False,True,False,False,False,False,False,False,False,False,False,False,4,44,False,True,False,False,False,False,True,False,True,True,False,False,True,False,False,True,False,3,0.9900761744518758,99.00761744518758,True,90-100%,KEEP,True,True
onedrivemedtile.contrast-black_scale-400.png,6282916609.0,,Time Reversal Event,ModifiedTime : 2023-01-05 22:09:31 -> 2023-01-05 22:09:23/ MFTModifiedTime : 2023-01-05 22:09:31 -> 2023-01-05 22:09:23,OneDriveMedTile.contrast-black_scale-400.png,\Program Files\Microsoft OneDrive\LogoImages\OneDriveMedTile.contrast-black_scale-400.png,,,,,Update Resident Value,0x80A9,2.0,,1/5/23 22:09,997520728.0,OneDriveMedTile.contrast-black_scale-400.png,\Program Files\Microsoft OneDrive\LogoImages\OneDriveMedTile.contrast-black_scale-400.png,File_Created / Basic_Info_Changed / Data_Added / Data_Overwritten / File_Closed,Normal,Archive,,0x00030000000202A5,0x00030000000200C4,,,,,2,2,True,True,1.0,False,OneDriveMedTile.contrast-black_scale-400.png,\Program Files\Microsoft OneDrive\LogoImages\OneDriveMedTile.contrast-black_scale-400.png,False,False,False,False,0,True,False,False,True,True,False,False,True,False,False,False,False,False,False,False,False,False,False,4,44,False,True,False,False,False,False,True,False,True,True,False,False,True,False,False,True,False,3,0.9900761744518758,99.00761744518758,True,90-100%,KEEP,True,True
onedrivemedtile.contrast-white_scale-100.png,6282919043.0,,Time Reversal Event,ModifiedTime : 2023-01-05 22:09:31 -> 2023-01-05 22:09:23/ MFTModifiedTime : 2023-01-05 22:09:31 -> 2023-01-05 22:09:23,OneDriveMedTile.contrast-white_scale-100.png,\Program Files\Microsoft OneDrive\LogoImages\OneDriveMedTile.contrast-white_scale-100.png,,,,,Update Resident Value,0x80A9,4.0,,1/5/23 22:09,997522128.0,OneDriveMedTile.contrast-white_scale-100.png,\Program Files\Microsoft OneDrive\LogoImages\OneDriveMedTile.contrast-white_scale-100.png,File_Created / Basic_Info_Changed / Data_Added / Data_Overwritten / File_Closed,Normal,Archive,,0x00030000000202A6,0x00030000000200C4,,,,,2,2,True,True,1.0,False,OneDriveMedTile.contrast-white_scale-100.png,\Program Files\Microsoft OneDrive\LogoImages\OneDriveMedTile.contrast-white_scale-100.png,False,False,False,False,0,True,False,False,True,True,False,False,True,False,False,False,False,False,False,False,False,False,False,4,44,False,True,False,False,False,False,True,False,True,True,False,False,True,False,False,True,False,3,0.9900761744518758,99.00761744518758,True,90-100%,KEEP,True,True
onedrivemedtile.contrast-white_scale-125.png,6282920803.0,,Time Reversal Event,ModifiedTime : 2023-01-05 22:09:31 -> 2023-01-05 22:09:23/ MFTModifiedTime : 2023-01-05 22:09:31 -> 2023-01-05 22:09:23,OneDriveMedTile.contrast-white_scale-125.png,\Program Files\Microsoft OneDrive\LogoImages\OneDriveMedTile.contrast-white_scale-125.png,,,,,Update Resident Value,0xBD06,2.0,,1/5/23 22:09,997523568.0,OneDriveMedTile.contrast-white_scale-125.png,\Program Files\Microsoft OneDrive\LogoImages\OneDriveMedTile.contrast-white_scale-125.png,File_Created / Basic_Info_Changed / Data_Added / Data_Overwritten / File_Closed,Normal,Archive,,0x000800000002F419,0x00030000000200C4,,,,,2,2,True,True,1.0,False,OneDriveMedTile.contrast-white_scale-125.png,\Program Files\Microsoft OneDrive\LogoImages\OneDriveMedTile.contrast-white_scale-125.png,False,False,False,False,0,True,False,False,True,True,False,False,True,False,False,False,False,False,False,False,False,False,False,4,44,False,True,False,False,False,False,True,False,True,True,False,False,True,False,False,True,False,3,0.9900761744518758,99.00761744518758,True,90-100%,KEEP,True,True
onedrivemedtile.contrast-white_scale-150.png,6282922167.0,,Time Reversal Event,ModifiedTime : 2023-01-05 22:09:31 -> 2023-01-05 22:09:23/ MFTModifiedTime : 2023-01-05 22:09:31 -> 2023-01-05 22:09:23,OneDriveMedTile.contrast-white_scale-150.png,\Program Files\Microsoft OneDrive\LogoImages\OneDriveMedTile.contrast-white_scale-150.png,,,,,Update Resident Value,0x80AA,0.0,,1/5/23 22:09,997524632.0,OneDriveMedTile.contrast-white_scale-150.png,\Program Files\Microsoft OneDrive\LogoImages\OneDriveMedTile.contrast-white_scale-150.png,File_Created / Basic_Info_Changed / Data_Added / Data_Overwritten / File_Closed,Normal,Archive,,0x00030000000202A8,0x00030000000200C4,,,,,2,2,True,True,1.0,False,OneDriveMedTile.contrast-white_scale-150.png,\Program Files\Microsoft OneDrive\LogoImages\OneDriveMedTile.contrast-white_scale-150.png,False,False,False,False,0,True,False,False,True,True,False,False,True,False,False,False,False,False,False,False,False,False,False,4,44,False,True,False,False,False,False,True,False,True,True,False,False,True,False,False,True,False,3,0.9900761744518758,99.00761744518758,True,90-100%,KEEP,True,True
onedrivemedtile.contrast-white_scale-200.png,6282923309.0,,Time Reversal Event,ModifiedTime : 2023-01-05 22:09:31 -> 2023-01-05 22:09:23/ MFTModifiedTime : 2023-01-05 22:09:31 -> 2023-01-05 22:09:23,OneDriveMedTile.contrast-white_scale-200.png,\Program Files\Microsoft OneDrive\LogoImages\OneDriveMedTile.contrast-white_scale-200.png,,,,,Update Resident Value,0x80AA,2.0,,1/5/23 22:09,997525696.0,OneDriveMedTile.contrast-white_scale-200.png,\Program Files\Microsoft OneDrive\LogoImages\OneDriveMedTile.contrast-white_scale-200.png,File_Created / Basic_Info_Changed / Data_Added / Data_Overwritten / File_Closed,Normal,Archive,,0x00030000000202A9,0x00030000000200C4,,,,,2,2,True,True,1.0,False,OneDriveMedTile.contrast-white_scale-200.png,\Program Files\Microsoft OneDrive\LogoImages\OneDriveMedTile.contrast-white_scale-200.png,False,False,False,False,0,True,False,False,True,True,False,False,True,False,False,False,False,False,False,False,False,False,False,4,44,False,True,False,False,False,False,True,False,True,True,False,False,True,False,False,True,False,3,0.9900761744518758,99.00761744518758,True,90-100%,KEEP,True,True
onedrivemedtile.contrast-white_scale-400.png,6282924462.0,,Time Reversal Event,ModifiedTime : 2023-01-05 22:09:31 -> 2023-01-05 22:09:23/ MFTModifiedTime : 2023-01-05 22:09:31 -> 2023-01-05 22:09:23,OneDriveMedTile.contrast-white_scale-400.png,\Program Files\Microsoft OneDrive\LogoImages\OneDriveMedTile.contrast-white_scale-400.png,,,,,Update Resident Value,0x80AA,4.0,,1/5/23 22:09,997526760.0,OneDriveMedTile.contrast-white_scale-400.png,\Program Files\Microsoft OneDrive\LogoImages\OneDriveMedTile.contrast-white_scale-400.png,File_Created / Basic_Info_Changed / Data_Added / Data_Overwritten / File_Closed,Normal,Archive,,0x00030000000202AA,0x00030000000200C4,,,,,2,2,True,True,1.0,False,OneDriveMedTile.contrast-white_scale-400.png,\Program Files\Microsoft OneDrive\LogoImages\OneDriveMedTile.contrast-white_scale-400.png,False,False,False,False,0,True,False,False,True,True,False,False,True,False,False,False,False,False,False,False,False,False,False,4,44,False,True,False,False,False,False,True,False,True,True,False,False,True,False,False,True,False,3,0.9900761744518758,99.00761744518758,True,90-100%,KEEP,True,True
onedrivemedtile.scale-100.png,6282926329.0,,Time Reversal Event,ModifiedTime : 2023-01-05 22:09:31 -> 2023-01-05 22:09:23/ MFTModifiedTime : 2023-01-05 22:09:31 -> 2023-01-05 22:09:23,OneDriveMedTile.scale-100.png,\Program Files\Microsoft OneDrive\LogoImages\OneDriveMedTile.scale-100.png,,,,,Update Resident Value,0x80AA,6.0,,1/5/23 22:09,997528032.0,OneDriveMedTile.scale-100.png,\Program Files\Microsoft OneDrive\LogoImages\OneDriveMedTile.scale-100.png,File_Created / Basic_Info_Changed / Data_Added / Data_Overwritten / File_Closed,Normal,Archive,,0x00030000000202AB,0x00030000000200C4,,,,,2,2,True,True,1.0,False,OneDriveMedTile.scale-100.png,\Program Files\Microsoft OneDrive\LogoImages\OneDriveMedTile.scale-100.png,False,False,False,False,0,True,False,False,True,True,False,False,True,False,False,False,False,False,False,False,False,False,False,4,29,False,True,False,False,False,False,True,False,True,True,False,False,True,False,False,True,False,3,0.9864680877984493,98.64680877984493,True,90-100%,KEEP,True,True
onedrivemedtile.scale-125.png,6282927501.0,,Time Reversal Event,ModifiedTime : 2023-01-05 22:09:31 -> 2023-01-05 22:09:23/ MFTModifiedTime : 2023-01-05 22:09:31 -> 2023-01-05 22:09:23,OneDriveMedTile.scale-125.png,\Program Files\Microsoft OneDrive\LogoImages\OneDriveMedTile.scale-125.png,,,,,Update Resident Value,0x80AB,0.0,,1/5/23 22:09,997528872.0,OneDriveMedTile.scale-125.png,\Program Files\Microsoft OneDrive\LogoImages\OneDriveMedTile.scale-125.png,File_Created / Basic_Info_Changed / Data_Added / Data_Overwritten / File_Closed,Normal,Archive,,0x00030000000202AC,0x00030000000200C4,,,,,2,2,True,True,1.0,False,OneDriveMedTile.scale-125.png,\Program Files\Microsoft OneDrive\LogoImages\OneDriveMedTile.scale-125.png,False,False,False,False,0,True,False,False,True,True,False,False,True,False,False,False,False,False,False,False,False,False,False,4,29,False,True,False,False,False,False,True,False,True,True,False,False,True,False,False,True,False,3,0.9864680877984493,98.64680877984493,True,90-100%,KEEP,True,True
onedrivemedtile.scale-150.png,6282928993.0,,Time Reversal Event,ModifiedTime : 2023-01-05 22:09:31 -> 2023-01-05 22:09:23/ MFTModifiedTime : 2023-01-05 22:09:31 -> 2023-01-05 22:09:23,OneDriveMedTile.scale-150.png,\Program Files\Microsoft OneDrive\LogoImages\OneDriveMedTile.scale-150.png,,,,,Update Resident Value,0x80AB,2.0,,1/5/23 22:09,997529936.0,OneDriveMedTile.scale-150.png,\Program Files\Microsoft OneDrive\LogoImages\OneDriveMedTile.scale-150.png,File_Created / Basic_Info_Changed / Data_Added / Data_Overwritten / File_Closed,Normal,Archive,,0x00030000000202AD,0x00030000000200C4,,,,,2,2,True,True,1.0,False,OneDriveMedTile.scale-150.png,\Program Files\Microsoft OneDrive\LogoImages\OneDriveMedTile.scale-150.png,False,False,False,False,0,True,False,False,True,True,False,False,True,False,False,False,False,False,False,False,False,False,False,4,29,False,True,False,False,False,False,True,False,True,True,False,False,True,False,False,True,False,3,0.9864680877984493,98.64680877984493,True,90-100%,KEEP,True,True
onedrivemedtile.scale-200.png,6282930263.0,,Time Reversal Event,ModifiedTime : 2023-01-05 22:09:31 -> 2023-01-05 22:09:23/ MFTModifiedTime : 2023-01-05 22:09:31 -> 2023-01-05 22:09:23,OneDriveMedTile.scale-200.png,\Program Files\Microsoft OneDrive\LogoImages\OneDriveMedTile.scale-200.png,,,,,Update Resident Value,0x80AB,4.0,,1/5/23 22:09,997530888.0,OneDriveMedTile.scale-200.png,\Program Files\Microsoft OneDrive\LogoImages\OneDriveMedTile.scale-200.png,File_Created / Basic_Info_Changed / Data_Added / Data_Overwritten / File_Closed,Normal,Archive,,0x00030000000202AE,0x00030000000200C4,,,,,2,2,True,True,1.0,False,OneDriveMedTile.scale-200.png,\Program Files\Microsoft OneDrive\LogoImages\OneDriveMedTile.scale-200.png,False,False,False,False,0,True,False,False,True,True,False,False,True,False,False,False,False,False,False,False,False,False,False,4,29,False,True,False,False,False,False,True,False,True,True,False,False,True,False,False,True,False,3,0.9864680877984493,98.64680877984493,True,90-100%,KEEP,True,True
onedrivemedtile.scale-400.png,6282931344.0,,Time Reversal Event,ModifiedTime : 2023-01-05 22:09:31 -> 2023-01-05 22:09:23/ MFTModifiedTime : 2023-01-05 22:09:31 -> 2023-01-05 22:09:23,OneDriveMedTile.scale-400.png,\Program Files\Microsoft OneDrive\LogoImages\OneDriveMedTile.scale-400.png,,,,,Update Resident Value,0x80AB,6.0,,1/5/23 22:09,997531768.0,OneDriveMedTile.scale-400.png,\Program Files\Microsoft OneDrive\LogoImages\OneDriveMedTile.scale-400.png,File_Created / Basic_Info_Changed / Data_Added / Data_Overwritten / File_Closed,Normal,Archive,,0x00030000000202AF,0x00030000000200C4,,,,,2,2,True,True,1.0,False,OneDriveMedTile.scale-400.png,\Program Files\Microsoft OneDrive\LogoImages\OneDriveMedTile.scale-400.png,False,False,False,False,0,True,False,False,True,True,False,False,True,False,False,False,False,False,False,False,False,False,False,4,29,False,True,False,False,False,False,True,False,True,True,False,False,True,False,False,True,False,3,0.9864680877984493,98.64680877984493,True,90-100%,KEEP,True,True
onedrivesetup.exe,6282616725.0,1/5/23 22:09,Time Reversal Event,ModifiedTime : 2023-01-05 22:09:27 -> 2023-01-05 22:09:06,OneDriveSetup.exe,\Program Files\Microsoft OneDrive\22.248.1127.0001\OneDriveSetup.exe,,,,,Update Resident Value,0x159CE,0.0,,1/5/23 22:09,997767736.0,OneDriveSetup.exe,\Program Files\Microsoft OneDrive\Update\OneDriveSetup.exe,Basic_Info_Changed / File_Closed,Normal,Archive,,0x0013000000008BC2,0x000300000001AB33,,,,,8,8,True,True,1.0,False,OneDriveSetup.exe,\Program Files\Microsoft OneDrive\22.248.1127.0001\OneDriveSetup.exe,False,False,False,False,0,True,False,False,True,False,False,False,True,False,False,False,False,False,True,False,False,False,False,4,17,False,True,False,False,False,False,True,False,False,True,False,False,False,False,False,True,False,3,0.9826101459611517,98.26101459611517,True,90-100%,KEEP,True,True
onedrivesmalltile.contrast-black_scale-100.png,6282932573.0,,Time Reversal Event,ModifiedTime : 2023-01-05 22:09:31 -> 2023-01-05 22:09:23/ MFTModifiedTime : 2023-01-05 22:09:31 -> 2023-01-05 22:09:23,OneDriveSmallTile.contrast-black_scale-100.png,\Program Files\Microsoft OneDrive\LogoImages\OneDriveSmallTile.contrast-black_scale-100.png,,,,,Update Resident Value,0x80AC,0.0,,1/5/23 22:09,997532768.0,OneDriveSmallTile.contrast-black_scale-100.png,\Program Files\Microsoft OneDrive\LogoImages\OneDriveSmallTile.contrast-black_scale-100.png,File_Created / Basic_Info_Changed / Data_Added / Data_Overwritten / File_Closed,Normal,Archive,,0x00030000000202B0,0x00030000000200C4,,,,,2,2,True,True,1.0,False,OneDriveSmallTile.contrast-black_scale-100.png,\Program Files\Microsoft OneDrive\LogoImages\OneDriveSmallTile.contrast-black_scale-100.png,False,False,False,False,0,True,False,False,True,True,False,False,True,False,False,False,False,False,False,False,False,False,False,4,46,False,True,False,False,False,False,True,False,True,True,False,False,True,False,False,True,False,3,0.9900939478181405,99.00939478181405,True,90-100%,KEEP,True,True
onedrivesmalltile.contrast-black_scale-125.png,6282933779.0,,Time Reversal Event,ModifiedTime : 2023-01-05 22:09:31 -> 2023-01-05 22:09:23/ MFTModifiedTime : 2023-01-05 22:09:31 -> 2023-01-05 22:09:23,OneDriveSmallTile.contrast-black_scale-125.png,\Program Files\Microsoft OneDrive\LogoImages\OneDriveSmallTile.contrast-black_scale-125.png,,,,,Update Resident Value,0x80AC,2.0,,1/5/23 22:09,997533832.0,OneDriveSmallTile.contrast-black_scale-125.png,\Program Files\Microsoft OneDrive\LogoImages\OneDriveSmallTile.contrast-black_scale-125.png,File_Created / Basic_Info_Changed / Data_Added / Data_Overwritten / File_Closed,Normal,Archive,,0x00030000000202B1,0x00030000000200C4,,,,,2,2,True,True,1.0,False,OneDriveSmallTile.contrast-black_scale-125.png,\Program Files\Microsoft OneDrive\LogoImages\OneDriveSmallTile.contrast-black_scale-125.png,False,False,False,False,0,True,False,False,True,True,False,False,True,False,False,False,False,False,False,False,False,False,False,4,46,False,True,False,False,False,False,True,False,True,True,False,False,True,False,False,True,False,3,0.9900939478181405,99.00939478181405,True,90-100%,KEEP,True,True
onedrivesmalltile.contrast-black_scale-150.png,6282935025.0,,Time Reversal Event,ModifiedTime : 2023-01-05 22:09:31 -> 2023-01-05 22:09:23/ MFTModifiedTime : 2023-01-05 22:09:31 -> 2023-01-05 22:09:23,OneDriveSmallTile.contrast-black_scale-150.png,\Program Files\Microsoft OneDrive\LogoImages\OneDriveSmallTile.contrast-black_scale-150.png,,,,,Update Resident Value,0x80AC,4.0,,1/5/23 22:09,997534896.0,OneDriveSmallTile.contrast-black_scale-150.png,\Program Files\Microsoft OneDrive\LogoImages\OneDriveSmallTile.contrast-black_scale-150.png,File_Created / Basic_Info_Changed / Data_Added / Data_Overwritten / File_Closed,Normal,Archive,,0x00030000000202B2,0x00030000000200C4,,,,,2,2,True,True,1.0,False,OneDriveSmallTile.contrast-black_scale-150.png,\Program Files\Microsoft OneDrive\LogoImages\OneDriveSmallTile.contrast-black_scale-150.png,False,False,False,False,0,True,False,False,True,True,False,False,True,False,False,False,False,False,False,False,False,False,False,4,46,False,True,False,False,False,False,True,False,True,True,False,False,True,False,False,True,False,3,0.9900939478181405,99.00939478181405,True,90-100%,KEEP,True,True
onedrivesmalltile.contrast-black_scale-200.png,6282936426.0,,Time Reversal Event,ModifiedTime : 2023-01-05 22:09:31 -> 2023-01-05 22:09:23/ MFTModifiedTime : 2023-01-05 22:09:31 -> 2023-01-05 22:09:23,OneDriveSmallTile.contrast-black_scale-200.png,\Program Files\Microsoft OneDrive\LogoImages\OneDriveSmallTile.contrast-black_scale-200.png,,,,,Update Resident Value,0x80AC,6.0,,1/5/23 22:09,997536048.0,OneDriveSmallTile.contrast-black_scale-200.png,\Program Files\Microsoft OneDrive\LogoImages\OneDriveSmallTile.contrast-black_scale-200.png,File_Created / Basic_Info_Changed / Data_Added / Data_Overwritten / File_Closed,Normal,Archive,,0x00030000000202B3,0x00030000000200C4,,,,,2,2,True,True,1.0,False,OneDriveSmallTile.contrast-black_scale-200.png,\Program Files\Microsoft OneDrive\LogoImages\OneDriveSmallTile.contrast-black_scale-200.png,False,False,False,False,0,True,False,False,True,True,False,False,True,False,False,False,False,False,False,False,False,False,False,4,46,False,True,False,False,False,False,True,False,True,True,False,False,True,False,False,True,False,3,0.9900939478181405,99.00939478181405,True,90-100%,KEEP,True,True
onedrivesmalltile.contrast-black_scale-400.png,6282937689.0,,Time Reversal Event,ModifiedTime : 2023-01-05 22:09:31 -> 2023-01-05 22:09:23/ MFTModifiedTime : 2023-01-05 22:09:31 -> 2023-01-05 22:09:23,OneDriveSmallTile.contrast-black_scale-400.png,\Program Files\Microsoft OneDrive\LogoImages\OneDriveSmallTile.contrast-black_scale-400.png,,,,,Update Resident Value,0x80AD,0.0,,1/5/23 22:09,997537112.0,OneDriveSmallTile.contrast-black_scale-400.png,\Program Files\Microsoft OneDrive\LogoImages\OneDriveSmallTile.contrast-black_scale-400.png,File_Created / Basic_Info_Changed / Data_Added / Data_Overwritten / File_Closed,Normal,Archive,,0x00030000000202B4,0x00030000000200C4,,,,,2,2,True,True,1.0,False,OneDriveSmallTile.contrast-black_scale-400.png,\Program Files\Microsoft OneDrive\LogoImages\OneDriveSmallTile.contrast-black_scale-400.png,False,False,False,False,0,True,False,False,True,True,False,False,True,False,False,False,False,False,False,False,False,False,False,4,46,False,True,False,False,False,False,True,False,True,True,False,False,True,False,False,True,False,3,0.9900939478181405,99.00939478181405,True,90-100%,KEEP,True,True
onedrivesmalltile.contrast-white_scale-100.png,6282938899.0,,Time Reversal Event,ModifiedTime : 2023-01-05 22:09:31 -> 2023-01-05 22:09:23/ MFTModifiedTime : 2023-01-05 22:09:31 -> 2023-01-05 22:09:23,OneDriveSmallTile.contrast-white_scale-100.png,\Program Files\Microsoft OneDrive\LogoImages\OneDriveSmallTile.contrast-white_scale-100.png,,,,,Update Resident Value,0x80AD,2.0,,1/5/23 22:09,997538176.0,OneDriveSmallTile.contrast-white_scale-100.png,\Program Files\Microsoft OneDrive\LogoImages\OneDriveSmallTile.contrast-white_scale-100.png,File_Created / Basic_Info_Changed / Data_Added / Data_Overwritten / File_Closed,Normal,Archive,,0x00030000000202B5,0x00030000000200C4,,,,,2,2,True,True,1.0,False,OneDriveSmallTile.contrast-white_scale-100.png,\Program Files\Microsoft OneDrive\LogoImages\OneDriveSmallTile.contrast-white_scale-100.png,False,False,False,False,0,True,False,False,True,True,False,False,True,False,False,False,False,False,False,False,False,False,False,4,46,False,True,False,False,False,False,True,False,True,True,False,False,True,False,False,True,False,3,0.9900939478181405,99.00939478181405,True,90-100%,KEEP,True,True
onedrivesmalltile.contrast-white_scale-125.png,6282940112.0,,Time Reversal Event,ModifiedTime : 2023-01-05 22:09:31 -> 2023-01-05 22:09:23/ MFTModifiedTime : 2023-01-05 22:09:31 -> 2023-01-05 22:09:23,OneDriveSmallTile.contrast-white_scale-125.png,\Program Files\Microsoft OneDrive\LogoImages\OneDriveSmallTile.contrast-white_scale-125.png,,,,,Update Resident Value,0x80AD,4.0,,1/5/23 22:09,997539240.0,OneDriveSmallTile.contrast-white_scale-125.png,\Program Files\Microsoft OneDrive\LogoImages\OneDriveSmallTile.contrast-white_scale-125.png,File_Created / Basic_Info_Changed / Data_Added / Data_Overwritten / File_Closed,Normal,Archive,,0x00030000000202B6,0x00030000000200C4,,,,,2,2,True,True,1.0,False,OneDriveSmallTile.contrast-white_scale-125.png,\Program Files\Microsoft OneDrive\LogoImages\OneDriveSmallTile.contrast-white_scale-125.png,False,False,False,False,0,True,False,False,True,True,False,False,True,False,False,False,False,False,False,False,False,False,False,4,46,False,True,False,False,False,False,True,False,True,True,False,False,True,False,False,True,False,3,0.9900939478181405,99.00939478181405,True,90-100%,KEEP,True,True
onedrivesmalltile.contrast-white_scale-150.png,6282941355.0,,Time Reversal Event,ModifiedTime : 2023-01-05 22:09:31 -> 2023-01-05 22:09:23/ MFTModifiedTime : 2023-01-05 22:09:31 -> 2023-01-05 22:09:23,OneDriveSmallTile.contrast-white_scale-150.png,\Program Files\Microsoft OneDrive\LogoImages\OneDriveSmallTile.contrast-white_scale-150.png,,,,,Update Resident Value,0x80AD,6.0,,1/5/23 22:09,997540448.0,OneDriveSmallTile.contrast-white_scale-150.png,\Program Files\Microsoft OneDrive\LogoImages\OneDriveSmallTile.contrast-white_scale-150.png,File_Created / Basic_Info_Changed / Data_Added / Data_Overwritten / File_Closed,Normal,Archive,,0x00030000000202B7,0x00030000000200C4,,,,,2,2,True,True,1.0,False,OneDriveSmallTile.contrast-white_scale-150.png,\Program Files\Microsoft OneDrive\LogoImages\OneDriveSmallTile.contrast-white_scale-150.png,False,False,False,False,0,True,False,False,True,True,False,False,True,False,False,False,False,False,False,False,False,False,False,4,46,False,True,False,False,False,False,True,False,True,True,False,False,True,False,False,True,False,3,0.9900939478181405,99.00939478181405,True,90-100%,KEEP,True,True
onedrivesmalltile.contrast-white_scale-200.png,6282942587.0,,Time Reversal Event,ModifiedTime : 2023-01-05 22:09:31 -> 2023-01-05 22:09:23/ MFTModifiedTime : 2023-01-05 22:09:31 -> 2023-01-05 22:09:23,OneDriveSmallTile.contrast-white_scale-200.png,\Program Files\Microsoft OneDrive\LogoImages\OneDriveSmallTile.contrast-white_scale-200.png,,,,,Update Resident Value,0x80AE,0.0,,1/5/23 22:09,997541512.0,OneDriveSmallTile.contrast-white_scale-200.png,\Program Files\Microsoft OneDrive\LogoImages\OneDriveSmallTile.contrast-white_scale-200.png,File_Created / Basic_Info_Changed / Data_Added / Data_Overwritten / File_Closed,Normal,Archive,,0x00030000000202B8,0x00030000000200C4,,,,,2,2,True,True,1.0,False,OneDriveSmallTile.contrast-white_scale-200.png,\Program Files\Microsoft OneDrive\LogoImages\OneDriveSmallTile.contrast-white_scale-200.png,False,False,False,False,0,True,False,False,True,True,False,False,True,False,False,False,False,False,False,False,False,False,False,4,46,False,True,False,False,False,False,True,False,True,True,False,False,True,False,False,True,False,3,0.9900939478181405,99.00939478181405,True,90-100%,KEEP,True,True
onedrivesmalltile.contrast-white_scale-400.png,6282944333.0,,Time Reversal Event,ModifiedTime : 2023-01-05 22:09:31 -> 2023-01-05 22:09:23/ MFTModifiedTime : 2023-01-05 22:09:31 -> 2023-01-05 22:09:23,OneDriveSmallTile.contrast-white_scale-400.png,\Program Files\Microsoft OneDrive\LogoImages\OneDriveSmallTile.contrast-white_scale-400.png,,,,,Update Resident Value,0x80AE,2.0,,1/5/23 22:09,997542912.0,OneDriveSmallTile.contrast-white_scale-400.png,\Program Files\Microsoft OneDrive\LogoImages\OneDriveSmallTile.contrast-white_scale-400.png,File_Created / Basic_Info_Changed / Data_Added / Data_Overwritten / File_Closed,Normal,Archive,,0x00030000000202B9,0x00030000000200C4,,,,,2,2,True,True,1.0,False,OneDriveSmallTile.contrast-white_scale-400.png,\Program Files\Microsoft OneDrive\LogoImages\OneDriveSmallTile.contrast-white_scale-400.png,False,False,False,False,0,True,False,False,True,True,False,False,True,False,False,False,False,False,False,False,False,False,False,4,46,False,True,False,False,False,False,True,False,True,True,False,False,True,False,False,True,False,3,0.9900939478181405,99.00939478181405,True,90-100%,KEEP,True,True
onedrivesmalltile.scale-100.png,6282945506.0,,Time Reversal Event,ModifiedTime : 2023-01-05 22:09:31 -> 2023-01-05 22:09:23/ MFTModifiedTime : 2023-01-05 22:09:31 -> 2023-01-05 22:09:23,OneDriveSmallTile.scale-100.png,\Program Files\Microsoft OneDrive\LogoImages\OneDriveSmallTile.scale-100.png,,,,,Update Resident Value,0x80AE,4.0,,1/5/23 22:09,997543936.0,OneDriveSmallTile.scale-100.png,\Program Files\Microsoft OneDrive\LogoImages\OneDriveSmallTile.scale-100.png,File_Created / Basic_Info_Changed / Data_Added / Data_Overwritten / File_Closed,Normal,Archive,,0x00030000000202BA,0x00030000000200C4,,,,,2,2,True,True,1.0,False,OneDriveSmallTile.scale-100.png,\Program Files\Microsoft OneDrive\LogoImages\OneDriveSmallTile.scale-100.png,False,False,False,False,0,True,False,False,True,True,False,False,True,False,False,False,False,False,False,False,False,False,False,4,31,False,True,False,False,False,False,True,False,True,True,False,False,True,False,False,True,False,3,0.9936372077076889,99.3637207707689,True,90-100%,KEEP,True,True
onedrivesmalltile.scale-125.png,6282947637.0,,Time Reversal Event,ModifiedTime : 2023-01-05 22:09:31 -> 2023-01-05 22:09:23/ MFTModifiedTime : 2023-01-05 22:09:31 -> 2023-01-05 22:09:23,OneDriveSmallTile.scale-125.png,\Program Files\Microsoft OneDrive\LogoImages\OneDriveSmallTile.scale-125.png,,,,,Update Resident Value,0xBD0B,0.0,,1/5/23 22:09,997544832.0,OneDriveSmallTile.scale-125.png,\Program Files\Microsoft OneDrive\LogoImages\OneDriveSmallTile.scale-125.png,File_Created / Basic_Info_Changed / Data_Added / Data_Overwritten / File_Closed,Normal,Archive,,0x002000000002F42C,0x00030000000200C4,,,,,2,2,True,True,1.0,False,OneDriveSmallTile.scale-125.png,\Program Files\Microsoft OneDrive\LogoImages\OneDriveSmallTile.scale-125.png,False,False,False,False,0,True,False,False,True,True,False,False,True,False,False,False,False,False,False,False,False,False,False,4,31,False,True,False,False,False,False,True,False,True,True,False,False,True,False,False,True,False,3,0.9936372077076889,99.3637207707689,True,90-100%,KEEP,True,True
onedrivesmalltile.scale-150.png,6282949448.0,,Time Reversal Event,ModifiedTime : 2023-01-05 22:09:31 -> 2023-01-05 22:09:23/ MFTModifiedTime : 2023-01-05 22:09:31 -> 2023-01-05 22:09:23,OneDriveSmallTile.scale-150.png,\Program Files\Microsoft OneDrive\LogoImages\OneDriveSmallTile.scale-150.png,,,,,Update Resident Value,0x80AF,0.0,,1/5/23 22:09,997546064.0,OneDriveSmallTile.scale-150.png,\Program Files\Microsoft OneDrive\LogoImages\OneDriveSmallTile.scale-150.png,File_Created / Basic_Info_Changed / Data_Added / Data_Overwritten / File_Closed,Normal,Archive,,0x00030000000202BC,0x00030000000200C4,,,,,2,2,True,True,1.0,False,OneDriveSmallTile.scale-150.png,\Program Files\Microsoft OneDrive\LogoImages\OneDriveSmallTile.scale-150.png,False,False,False,False,0,True,False,False,True,True,False,False,True,False,False,False,False,False,False,False,False,False,False,4,31,False,True,False,False,False,False,True,False,True,True,False,False,True,False,False,True,False,3,0.9936372077076889,99.3637207707689,True,90-100%,KEEP,True,True
onedrivesmalltile.scale-200.png,6282950635.0,,Time Reversal Event,ModifiedTime : 2023-01-05 22:09:31 -> 2023-01-05 22:09:23/ MFTModifiedTime : 2023-01-05 22:09:31 -> 2023-01-05 22:09:23,OneDriveSmallTile.scale-200.png,\Program Files\Microsoft OneDrive\LogoImages\OneDriveSmallTile.scale-200.png,,,,,Update Resident Value,0x80AF,2.0,,1/5/23 22:09,997546960.0,OneDriveSmallTile.scale-200.png,\Program Files\Microsoft OneDrive\LogoImages\OneDriveSmallTile.scale-200.png,File_Created / Basic_Info_Changed / Data_Added / Data_Overwritten / File_Closed,Normal,Archive,,0x00030000000202BD,0x00030000000200C4,,,,,2,2,True,True,1.0,False,OneDriveSmallTile.scale-200.png,\Program Files\Microsoft OneDrive\LogoImages\OneDriveSmallTile.scale-200.png,False,False,False,False,0,True,False,False,True,True,False,False,True,False,False,False,False,False,False,False,False,False,False,4,31,False,True,False,False,False,False,True,False,True,True,False,False,True,False,False,True,False,3,0.9936372077076889,99.3637207707689,True,90-100%,KEEP,True,True
onedrivesmalltile.scale-400.png,6282952330.0,,Time Reversal Event,ModifiedTime : 2023-01-05 22:09:31 -> 2023-01-05 22:09:23/ MFTModifiedTime : 2023-01-05 22:09:31 -> 2023-01-05 22:09:23,OneDriveSmallTile.scale-400.png,\Program Files\Microsoft OneDrive\LogoImages\OneDriveSmallTile.scale-400.png,,,,,Update Resident Value,0x80AF,4.0,,1/5/23 22:09,997548288.0,OneDriveSmallTile.scale-400.png,\Program Files\Microsoft OneDrive\LogoImages\OneDriveSmallTile.scale-400.png,File_Created / Basic_Info_Changed / Data_Added / Data_Overwritten / File_Closed,Normal,Archive,,0x00030000000202BE,0x00030000000200C4,,,,,2,2,True,True,1.0,False,OneDriveSmallTile.scale-400.png,\Program Files\Microsoft OneDrive\LogoImages\OneDriveSmallTile.scale-400.png,False,False,False,False,0,True,False,False,True,True,False,False,True,False,False,False,False,False,False,False,False,False,False,4,31,False,True,False,False,False,False,True,False,True,True,False,False,True,False,False,True,False,3,0.9936372077076889,99.3637207707689,True,90-100%,KEEP,True,True
onedrivestandaloneupdater.exe,6282971717.0,,Time Reversal Event,ModifiedTime : 2023-01-05 22:09:31 -> 2023-01-05 22:09:21/ MFTModifiedTime : 2023-01-05 22:09:31 -> 2023-01-05 22:09:21,OneDriveStandaloneUpdater.exe,\Program Files\Microsoft OneDrive\OneDriveStandaloneUpdater.exe,,,,,Update Resident Value,0x8031,2.0,,1/5/23 22:09,997559304.0,OneDriveStandaloneUpdater.exe,\Program Files\Microsoft OneDrive\OneDriveStandaloneUpdater.exe,Basic_Info_Changed / Named_Data_Stream_Added / Reparse_Point_Changed / Named_Stream_Changed / File_Closed,Normal,Archive / Repasre_Point / Sparse,,0x00070000000200C5,0x000400000001EB0C,,,,,6,6,True,True,1.0,False,OneDriveStandaloneUpdater.exe,\Program Files\Microsoft OneDrive\OneDriveStandaloneUpdater.exe,False,False,False,False,0,True,False,False,True,True,False,False,True,False,False,False,False,False,True,False,False,False,False,3,29,False,True,False,False,False,False,True,False,True,True,False,False,False,False,False,True,False,3,0.9977882219870285,99.77882219870285,True,90-100%,KEEP,True,True
resources.pri,6282957069.0,1/5/23 22:09,Time Reversal Event,ModifiedTime : 2023-01-05 22:09:31 -> 2023-01-05 22:09:23/ MFTModifiedTime : 2023-01-05 22:09:31 -> 2023-01-05 22:09:23,Resources.pri,\Program Files\Microsoft OneDrive\Resources.pri,,,,,Update Resident Value,0x80AF,6.0,,1/5/23 22:09,997551528.0,Resources.pri,\Program Files\Microsoft OneDrive\Resources.pri,Basic_Info_Changed / Named_Data_Stream_Added / Reparse_Point_Changed / Named_Stream_Changed / File_Closed,Normal,Archive / Repasre_Point / Sparse,,0x00030000000202BF,0x000400000001EB0C,,,,,10,10,True,True,1.0,False,Resources.pri,\Program Files\Microsoft OneDrive\Resources.pri,False,False,False,False,0,True,False,False,True,True,False,False,True,False,False,False,False,False,False,False,False,False,False,3,13,False,True,False,False,False,False,True,False,True,True,False,False,False,False,False,True,False,3,0.9932853962620511,99.32853962620511,True,90-100%,KEEP,True,True
{b6754c65-e3b6-493b-91b6-788176308aae}_onedrivestandaloneupdater.exe,6282964317.0,,Time Reversal Event,ModifiedTime : 2023-01-05 22:09:31 -> 2022-12-18 22:46:42/ MFTModifiedTime : 2023-01-05 22:09:31 -> 2022-12-18 22:46:52,{B6754C65-E3B6-493B-91B6-788176308AAE}_OneDriveStandaloneUpdater.exe,\Program Files\Microsoft OneDrive\22.238.1114.0002\{B6754C65-E3B6-493B-91B6-788176308AAE}_OneDriveStandaloneUpdater.exe,,,,,Update Resident Value,0x7B4C,6.0,,1/5/23 22:09,997557824.0,{B6754C65-E3B6-493B-91B6-788176308AAE}_OneDriveStandaloneUpdater.exe,\Program Files\Microsoft OneDrive\22.238.1114.0002\{B6754C65-E3B6-493B-91B6-788176308AAE}_OneDriveStandaloneUpdater.exe,Basic_Info_Changed / Named_Data_Stream_Added / Reparse_Point_Changed / Named_Stream_Changed / File_Closed,Normal,Archive / Repasre_Point / Sparse,,0x017600000001ED33,0x000800000001A18E,,,,,4,4,True,True,1.0,False,{B6754C65-E3B6-493B-91B6-788176308AAE}_OneDriveStandaloneUpdater.exe,\Program Files\Microsoft OneDrive\22.238.1114.0002\{B6754C65-E3B6-493B-91B6-788176308AAE}_OneDriveStandaloneUpdater.exe,False,False,False,False,0,True,False,False,True,True,False,False,True,False,False,False,False,False,True,False,False,False,False,4,68,False,True,False,False,False,False,True,False,True,True,False,False,False,False,False,True,False,3,0.9821127549753924,98.21127549753925,True,90-100%,KEEP,True,True
{b9c5087f-d8b8-4fc4-b0c2-fa0c419a05e0}_onedrive.exe,6282894356.0,,Time Reversal Event,ModifiedTime : 2023-01-05 22:09:31 -> 2022-12-18 22:46:42/ MFTModifiedTime : 2023-01-05 22:09:31 -> 2022-12-18 22:46:52,{B9C5087F-D8B8-4FC4-B0C2-FA0C419A05E0}_OneDrive.exe,\Program Files\Microsoft OneDrive\22.238.1114.0002\{B9C5087F-D8B8-4FC4-B0C2-FA0C419A05E0}_OneDrive.exe,,,,,Update Resident Value,0x20F7,6.0,,1/5/23 22:09,997512064.0,{B9C5087F-D8B8-4FC4-B0C2-FA0C419A05E0}_OneDrive.exe,\Program Files\Microsoft OneDrive\22.238.1114.0002\{B9C5087F-D8B8-4FC4-B0C2-FA0C419A05E0}_OneDrive.exe,Basic_Info_Changed / Named_Data_Stream_Added / Reparse_Point_Changed / Named_Stream_Changed / File_Closed,Normal,Archive / Repasre_Point / Sparse,,0x00780000000083DF,0x000800000001A18E,,,,,4,4,True,True,1.0,False,{B9C5087F-D8B8-4FC4-B0C2-FA0C419A05E0}_OneDrive.exe,\Program Files\Microsoft OneDrive\22.238.1114.0002\{B9C5087F-D8B8-4FC4-B0C2-FA0C419A05E0}_OneDrive.exe,False,False,False,False,0,True,False,False,True,True,False,False,True,False,False,False,False,False,True,False,False,False,False,4,51,False,True,False,False,False,False,True,False,True,True,False,False,False,False,False,True,False,3,0.9849575735642013,98.49575735642013,True,90-100%,KEEP,True,True
